Transaction ID,Product ID,Product Category,Product Subcategory,Product Price,Quantity Sold,Transaction Date,Customer ID,Customer Location,Payment Method
1,151,Clothing,Mobile,11.14,11,2023-02-12 00:00:00,1017,Florida,PayPal
2,192,Electronics,Fiction,237.04,10,2023-01-21 00:00:00,1016,New York,Debit Card
3,114,Books,Fiction,154.13,19,2023-11-02 00:00:00,1037,New York,Debit Card
4,171,Groceries,Board Game,301.19,14,2023-07-23 00:00:00,1013,New York,Credit Card
5,160,Clothing,Board Game,152.13,10,2022-03-19 00:00:00,1086,Florida,Cash
6,120,Electronics,Laptop,153.46,15,2022-07-13 00:00:00,1088,California,Debit Card
7,182,Toys,Laptop,372.88,19,2022-10-12 00:00:00,1078,Illinois,Debit Card
8,186,Books,Mobile,28.83,4,2023-06-11 00:00:00,1055,Florida,Debit Card
9,174,Clothing,Board Game,451.93,2,2023-06-08 00:00:00,1021,California,Cash
10,174,Clothing,Non-fiction,426.87,9,2023-09-05 00:00:00,1066,California,Cash
11,187,Groceries,Non-fiction,335.56,10,2022-06-05 00:00:00,1055,Florida,Credit Card
12,199,Groceries,Mobile,298.64,11,2022-12-06 00:00:00,1018,Florida,PayPal
13,123,Toys,Non-fiction,446.69,14,2022-05-05 00:00:00,1056,California,Cash
14,102,Toys,Action Figure,96.74,7,2022-10-07 00:00:00,1043,California,PayPal
15,121,Electronics,Pants,44.09,15,2023-09-14 00:00:00,1097,California,PayPal
16,152,Electronics,Mobile,123.56,19,2023-10-20 00:00:00,1034,Florida,Cash
17,101,Toys,Mobile,398.32,15,2023-12-29 00:00:00,1000,California,Debit Card
18,187,Toys,Shirt,22.16,8,2023-11-05 00:00:00,1051,New York,Credit Card
19,129,Books,Fruit,293.49,11,2022-05-08 00:00:00,1084,Florida,PayPal
20,137,Groceries,Fruit,497.74,9,2022-11-10 00:00:00,1092,New York,Debit Card
21,101,Electronics,Action Figure,428.57,15,2022-11-28 00:00:00,1069,Texas,Cash
22,163,Groceries,Board Game,263.12,1,2022-05-30 00:00:00,1036,Florida,PayPal
23,159,Groceries,Laptop,36.5,1,2023-03-30 00:00:00,1064,Texas,PayPal
24,120,Toys,Laptop,416.53,19,2022-02-05 00:00:00,1050,California,PayPal
25,132,Books,Vegetable,301.49,3,2023-11-16 00:00:00,1000,California,Debit Card
26,175,Clothing,Action Figure,61.89,10,2023-02-24 00:00:00,1090,Illinois,Debit Card
27,157,Books,Mobile,51.46,8,2022-01-22 00:00:00,1020,California,Debit Card
28,121,Books,Action Figure,455.27,15,2022-07-25 00:00:00,1052,Texas,PayPal
29,188,Groceries,Action Figure,336.25,10,2023-10-01 00:00:00,1015,California,PayPal
30,148,Books,Action Figure,415.5,1,2022-12-22 00:00:00,1060,Florida,Credit Card
31,190,Electronics,Fruit,440.09,18,2023-03-16 00:00:00,1053,California,Credit Card
32,158,Groceries,Action Figure,288.03,2,2023-12-30 00:00:00,1039,Illinois,Debit Card
33,141,Electronics,Pants,261.14,19,2022-04-06 00:00:00,1025,California,Debit Card
34,191,Clothing,Laptop,218.06,13,2022-06-13 00:00:00,1079,Texas,Cash
35,159,Groceries,Vegetable,161.89,1,2022-05-28 00:00:00,1091,Texas,Debit Card
36,179,Clothing,Pants,220.13,2,2023-06-14 00:00:00,1064,California,Credit Card
37,114,Groceries,Vegetable,388.07,16,2022-10-21 00:00:00,1099,Texas,Credit Card
38,161,Toys,Shirt,302.95,15,2022-07-14 00:00:00,1073,Texas,Credit Card
39,161,Books,Vegetable,446.8,13,2023-10-25 00:00:00,1063,Illinois,PayPal
40,146,Toys,Laptop,224.47,16,2023-04-25 00:00:00,1042,Florida,PayPal
41,161,Clothing,Laptop,305.51,17,2022-05-03 00:00:00,1016,Illinois,Debit Card
42,150,Books,Action Figure,317.5,7,2023-02-04 00:00:00,1058,New York,Cash
43,154,Groceries,Fiction,297.89,17,2023-11-30 00:00:00,1022,Illinois,Cash
44,163,Books,Shirt,352.8,7,2023-03-28 00:00:00,1006,California,Cash
45,102,Electronics,Mobile,122.53,13,2023-10-23 00:00:00,1043,Florida,PayPal
46,150,Books,Non-fiction,258.62,5,2022-04-14 00:00:00,1052,California,Credit Card
47,106,Electronics,Vegetable,56.59,17,2023-04-07 00:00:00,1070,New York,Credit Card
48,120,Books,Fiction,195.33,3,2023-12-19 00:00:00,1078,Florida,PayPal
49,172,Electronics,Action Figure,246.4,7,2023-12-11 00:00:00,1033,Texas,Cash
50,138,Clothing,Fruit,327.85,17,2023-01-31 00:00:00,1045,Illinois,Cash
51,117,Toys,Mobile,475.51,7,2022-12-03 00:00:00,1067,California,Debit Card
52,103,Groceries,Board Game,302.32,1,2023-08-22 00:00:00,1077,New York,Debit Card
53,188,Books,Fiction,373.08,17,2022-05-22 00:00:00,1077,Texas,Cash
54,159,Toys,Fruit,255.6,17,2022-11-13 00:00:00,1015,Illinois,PayPal
55,113,Groceries,Shirt,318.88,11,2023-12-12 00:00:00,1070,Texas,Cash
56,108,Groceries,Action Figure,40.11,3,2023-07-12 00:00:00,1095,Illinois,Debit Card
57,189,Electronics,Mobile,130.92,15,2023-06-11 00:00:00,1018,Florida,Cash
58,152,Clothing,Mobile,184.12,11,2023-07-10 00:00:00,1001,Texas,PayPal
59,101,Clothing,Mobile,238.88,16,2023-02-05 00:00:00,1009,Texas,Credit Card
60,183,Toys,Shirt,27.6,9,2023-11-12 00:00:00,1049,Texas,PayPal
61,191,Clothing,Vegetable,74.31,1,2022-11-06 00:00:00,1080,Florida,PayPal
62,159,Books,Board Game,142.02,16,2023-05-10 00:00:00,1011,New York,Debit Card
63,170,Clothing,Shirt,485.91,9,2023-07-10 00:00:00,1069,Illinois,PayPal
64,143,Toys,Non-fiction,169.02,19,2023-09-02 00:00:00,1021,Texas,PayPal
65,107,Clothing,Board Game,243.61,12,2022-04-19 00:00:00,1031,Florida,Debit Card
66,146,Books,Laptop,102.07,19,2023-01-07 00:00:00,1083,New York,Debit Card
67,134,Electronics,Action Figure,307.34,9,2023-09-08 00:00:00,1000,Illinois,Credit Card
68,177,Toys,Shirt,143.94,7,2022-07-25 00:00:00,1053,Florida,Cash
69,180,Electronics,Fruit,107.46,14,2022-02-12 00:00:00,1057,Illinois,PayPal
70,135,Electronics,Board Game,260.7,19,2022-09-02 00:00:00,1069,Texas,Debit Card
71,149,Electronics,Non-fiction,7.73,19,2022-10-14 00:00:00,1082,New York,Credit Card
72,103,Groceries,Laptop,8.79,2,2022-12-21 00:00:00,1017,Florida,Cash
73,101,Groceries,Vegetable,113.44,9,2023-04-21 00:00:00,1005,New York,Debit Card
74,105,Electronics,Fruit,23.18,13,2022-03-24 00:00:00,1044,Texas,Cash
75,153,Toys,Board Game,58.47,15,2022-04-20 00:00:00,1096,New York,Cash
76,103,Books,Action Figure,172.74,3,2022-07-09 00:00:00,1022,New York,PayPal
77,153,Books,Fruit,402.28,11,2022-09-08 00:00:00,1022,California,PayPal
78,192,Clothing,Laptop,288.16,14,2023-12-25 00:00:00,1025,New York,Debit Card
79,162,Toys,Fruit,258.77,8,2022-10-18 00:00:00,1076,Illinois,Cash
80,117,Groceries,Pants,150.28,18,2023-10-07 00:00:00,1006,Florida,Debit Card
81,189,Electronics,Fiction,466.22,19,2022-07-20 00:00:00,1078,California,Debit Card
82,143,Clothing,Vegetable,201.52,16,2022-11-22 00:00:00,1043,Florida,Cash
83,133,Books,Laptop,48.11,2,2023-05-26 00:00:00,1026,Florida,Debit Card
84,173,Groceries,Fruit,310.45,8,2023-02-13 00:00:00,1025,Texas,Cash
85,161,Groceries,Fiction,61.35,6,2023-08-30 00:00:00,1096,Texas,Cash
86,199,Electronics,Fiction,175.89,12,2023-05-23 00:00:00,1078,California,Cash
87,113,Books,Fruit,256.17,15,2023-08-24 00:00:00,1035,Texas,Cash
88,194,Toys,Action Figure,437.74,8,2022-03-13 00:00:00,1054,Texas,Credit Card
89,147,Groceries,Pants,249.31,4,2022-09-04 00:00:00,1063,Texas,Cash
90,114,Electronics,Shirt,352.62,15,2023-10-03 00:00:00,1090,Florida,PayPal
91,171,Toys,Pants,496.44,17,2023-12-25 00:00:00,1056,California,PayPal
92,177,Books,Fruit,70.09,13,2023-08-31 00:00:00,1068,Florida,PayPal
93,186,Groceries,Vegetable,140.99,18,2023-08-10 00:00:00,1060,Illinois,Cash
94,161,Toys,Shirt,200.32,2,2023-07-20 00:00:00,1001,Florida,PayPal
95,139,Toys,Laptop,213.8,13,2022-12-10 00:00:00,1054,Illinois,Credit Card
96,184,Toys,Pants,208.46,13,2022-02-23 00:00:00,1096,New York,Debit Card
97,179,Groceries,Fruit,454.27,15,2023-12-31 00:00:00,1079,New York,Cash
98,181,Groceries,Pants,358.45,10,2023-06-12 00:00:00,1086,Illinois,PayPal
99,152,Clothing,Shirt,305.91,3,2023-09-03 00:00:00,1037,Illinois,Credit Card
100,123,Books,Non-fiction,158.14,19,2023-06-16 00:00:00,1079,Florida,Debit Card
101,125,Electronics,Board Game,412.78,3,2023-07-12 00:00:00,1077,Illinois,Credit Card
102,188,Toys,Pants,477.75,14,2022-07-12 00:00:00,1028,California,PayPal
103,159,Clothing,Laptop,411.49,8,2022-02-27 00:00:00,1025,New York,Credit Card
104,140,Electronics,Laptop,5.77,4,2023-03-13 00:00:00,1034,New York,Debit Card
105,128,Clothing,Mobile,320.02,11,2022-04-21 00:00:00,1078,Illinois,PayPal
106,114,Groceries,Pants,30.31,11,2022-05-09 00:00:00,1066,Texas,Debit Card
107,144,Toys,Board Game,132.52,11,2023-12-07 00:00:00,1086,Texas,Credit Card
108,164,Electronics,Action Figure,34.46,2,2022-11-22 00:00:00,1028,Illinois,Cash
109,188,Electronics,Fiction,303.88,17,2022-01-08 00:00:00,1033,California,Cash
110,170,Electronics,Board Game,344.86,9,2022-01-29 00:00:00,1096,Texas,Cash
111,108,Electronics,Fiction,61.67,2,2022-04-22 00:00:00,1040,Illinois,Cash
112,187,Electronics,Fiction,195,15,2023-11-04 00:00:00,1040,California,Debit Card
113,100,Clothing,Non-fiction,230.84,16,2022-05-11 00:00:00,1022,California,Cash
114,107,Toys,Mobile,187.68,4,2022-07-07 00:00:00,1070,Florida,Debit Card
115,187,Groceries,Board Game,64.91,8,2023-11-06 00:00:00,1002,California,PayPal
116,162,Groceries,Board Game,212.38,9,2023-12-10 00:00:00,1057,Texas,Cash
117,110,Groceries,Non-fiction,376.83,5,2023-04-20 00:00:00,1031,Texas,Debit Card
118,180,Groceries,Pants,40.15,16,2022-12-30 00:00:00,1030,Illinois,Cash
119,107,Clothing,Pants,44.69,13,2022-07-23 00:00:00,1081,Illinois,Cash
120,134,Books,Pants,180.61,7,2022-07-31 00:00:00,1042,California,Cash
121,134,Toys,Vegetable,471.15,17,2023-09-13 00:00:00,1006,New York,Debit Card
122,132,Electronics,Fiction,335.94,3,2022-10-03 00:00:00,1000,Florida,Credit Card
123,104,Books,Vegetable,340.94,5,2022-03-14 00:00:00,1060,New York,Cash
124,140,Groceries,Mobile,184.15,19,2023-11-10 00:00:00,1013,California,Cash
125,127,Books,Non-fiction,298.86,12,2022-08-31 00:00:00,1051,California,PayPal
126,106,Toys,Board Game,10.01,7,2022-04-12 00:00:00,1095,New York,Credit Card
127,172,Electronics,Fiction,319.87,9,2023-11-16 00:00:00,1005,Florida,Debit Card
128,171,Electronics,Vegetable,457.08,6,2022-06-20 00:00:00,1009,New York,PayPal
129,111,Toys,Vegetable,308.22,17,2023-10-15 00:00:00,1070,Illinois,Cash
130,133,Toys,Fruit,437.48,16,2022-07-07 00:00:00,1089,Texas,PayPal
131,132,Groceries,Vegetable,363.37,3,2023-03-17 00:00:00,1097,Illinois,PayPal
132,147,Electronics,Action Figure,64.68,4,2022-03-27 00:00:00,1029,Texas,Cash
133,122,Books,Board Game,451.71,10,2023-04-21 00:00:00,1099,California,Credit Card
134,161,Clothing,Action Figure,37.89,5,2022-02-21 00:00:00,1020,Florida,Credit Card
135,187,Clothing,Board Game,269.31,10,2022-04-21 00:00:00,1059,New York,PayPal
136,136,Toys,Non-fiction,75.36,12,2022-02-12 00:00:00,1080,Florida,Cash
137,198,Groceries,Board Game,10.79,10,2022-07-30 00:00:00,1096,New York,Debit Card
138,143,Clothing,Action Figure,213.91,13,2022-07-19 00:00:00,1073,Illinois,PayPal
139,185,Electronics,Board Game,151.05,11,2023-09-19 00:00:00,1062,Illinois,Debit Card
140,190,Toys,Non-fiction,245.57,16,2022-01-26 00:00:00,1041,New York,PayPal
141,134,Books,Non-fiction,290.71,8,2022-10-26 00:00:00,1050,Florida,PayPal
142,164,Toys,Mobile,26.65,8,2022-03-18 00:00:00,1063,New York,Cash
143,198,Books,Board Game,65.89,8,2022-05-17 00:00:00,1075,California,Cash
144,146,Toys,Fruit,281.53,13,2022-01-20 00:00:00,1055,Illinois,Debit Card
145,177,Toys,Pants,174.87,2,2023-03-16 00:00:00,1079,California,Debit Card
146,102,Toys,Laptop,365.94,12,2022-07-30 00:00:00,1040,Illinois,Credit Card
147,100,Books,Non-fiction,327.88,10,2023-07-05 00:00:00,1031,Illinois,Cash
148,104,Books,Shirt,423.57,12,2023-03-11 00:00:00,1014,Texas,PayPal
149,189,Toys,Pants,347.78,11,2022-07-26 00:00:00,1061,California,PayPal
150,113,Clothing,Fiction,217.82,15,2023-03-15 00:00:00,1026,California,Credit Card
151,126,Groceries,Board Game,338.12,16,2023-10-28 00:00:00,1027,Texas,Cash
152,108,Groceries,Action Figure,141.31,17,2022-02-11 00:00:00,1080,Florida,PayPal
153,178,Groceries,Laptop,156.63,2,2023-02-15 00:00:00,1063,California,Credit Card
154,114,Books,Shirt,395.55,18,2023-06-07 00:00:00,1058,New York,Credit Card
155,189,Books,Pants,225.98,12,2023-09-02 00:00:00,1057,Texas,PayPal
156,141,Clothing,Board Game,400.2,19,2023-03-03 00:00:00,1001,California,PayPal
157,176,Groceries,Mobile,412.1,18,2022-10-02 00:00:00,1035,Florida,Debit Card
158,150,Groceries,Fiction,429.49,17,2023-03-24 00:00:00,1070,California,Cash
159,162,Toys,Laptop,458.73,6,2023-01-04 00:00:00,1012,Illinois,Debit Card
160,195,Books,Fruit,218.34,15,2022-08-08 00:00:00,1014,New York,Credit Card
161,151,Groceries,Mobile,162.84,3,2023-07-31 00:00:00,1088,Texas,PayPal
162,195,Clothing,Shirt,293.19,6,2022-08-20 00:00:00,1086,Illinois,Debit Card
163,103,Clothing,Laptop,188.73,3,2022-11-24 00:00:00,1059,Florida,Credit Card
164,193,Groceries,Mobile,302.53,1,2023-03-19 00:00:00,1021,Illinois,Cash
165,122,Books,Fiction,354.27,13,2022-02-21 00:00:00,1062,Illinois,PayPal
166,114,Clothing,Fruit,345.76,14,2023-01-11 00:00:00,1089,Florida,Debit Card
167,142,Toys,Mobile,190.4,13,2022-09-20 00:00:00,1096,Illinois,Cash
168,128,Clothing,Vegetable,87.6,4,2022-09-24 00:00:00,1074,Texas,Debit Card
169,135,Electronics,Fruit,218.11,7,2022-12-25 00:00:00,1073,California,Credit Card
170,112,Electronics,Shirt,75.58,10,2022-11-13 00:00:00,1024,Illinois,Cash
171,131,Books,Fiction,445.6,7,2022-11-20 00:00:00,1047,Texas,Debit Card
172,170,Groceries,Board Game,176.21,15,2023-10-28 00:00:00,1042,California,Cash
173,158,Books,Action Figure,81.46,15,2023-10-14 00:00:00,1037,California,Credit Card
174,185,Books,Action Figure,17.6,4,2023-07-17 00:00:00,1040,Illinois,Cash
175,127,Books,Action Figure,324.68,6,2023-09-21 00:00:00,1044,Texas,Debit Card
176,165,Books,Laptop,320.27,5,2023-02-25 00:00:00,1087,Illinois,Credit Card
177,141,Toys,Shirt,173.6,12,2022-02-15 00:00:00,1039,Florida,PayPal
178,144,Toys,Fiction,40.5,1,2023-08-23 00:00:00,1096,California,Debit Card
179,161,Clothing,Fruit,207.77,8,2023-12-21 00:00:00,1016,Illinois,Debit Card
180,156,Electronics,Laptop,159.05,1,2022-09-26 00:00:00,1087,California,Credit Card
181,105,Books,Shirt,340.17,5,2023-08-24 00:00:00,1056,Texas,Credit Card
182,127,Clothing,Board Game,304.86,6,2023-01-16 00:00:00,1001,New York,PayPal
183,127,Electronics,Vegetable,185.47,3,2022-04-28 00:00:00,1095,Illinois,Debit Card
184,143,Groceries,Fiction,112.86,15,2023-07-20 00:00:00,1061,Illinois,Credit Card
185,183,Toys,Action Figure,494.08,5,2022-04-26 00:00:00,1087,California,PayPal
186,129,Electronics,Mobile,229.73,14,2023-09-22 00:00:00,1008,Texas,PayPal
187,161,Groceries,Fiction,345.7,18,2022-09-17 00:00:00,1067,Florida,Credit Card
188,174,Electronics,Non-fiction,74.57,16,2022-03-16 00:00:00,1080,Texas,Debit Card
189,191,Toys,Shirt,245.37,6,2023-04-25 00:00:00,1016,Illinois,Cash
190,188,Toys,Pants,18.63,14,2022-11-01 00:00:00,1049,Florida,Cash
191,161,Clothing,Board Game,255.2,8,2022-01-07 00:00:00,1093,Texas,PayPal
192,196,Books,Vegetable,482.19,7,2023-01-01 00:00:00,1039,New York,Cash
193,100,Electronics,Board Game,195.18,8,2023-09-26 00:00:00,1057,California,Cash
194,126,Electronics,Fiction,24.3,13,2023-06-07 00:00:00,1074,Texas,Credit Card
195,161,Groceries,Pants,20.32,6,2022-12-14 00:00:00,1084,Texas,PayPal
196,176,Toys,Non-fiction,197.05,18,2023-03-14 00:00:00,1020,New York,Debit Card
197,102,Electronics,Fruit,84.21,2,2022-08-03 00:00:00,1017,Illinois,PayPal
198,169,Toys,Mobile,16.56,8,2023-03-05 00:00:00,1054,California,Credit Card
199,171,Electronics,Pants,379.33,11,2023-05-13 00:00:00,1028,Texas,Cash
200,126,Clothing,Shirt,231.97,1,2023-06-24 00:00:00,1023,Florida,Debit Card
201,108,Books,Action Figure,148.18,6,2023-01-02 00:00:00,1073,Texas,PayPal
202,161,Electronics,Non-fiction,450.54,16,2022-11-09 00:00:00,1016,California,Cash
203,136,Toys,Mobile,62.49,12,2023-06-22 00:00:00,1017,Texas,PayPal
204,196,Clothing,Vegetable,478.18,11,2022-02-23 00:00:00,1041,New York,Debit Card
205,150,Electronics,Action Figure,160.41,10,2023-06-25 00:00:00,1083,Texas,PayPal
206,143,Groceries,Fiction,444.76,3,2023-04-12 00:00:00,1044,Texas,PayPal
207,123,Books,Pants,303.46,13,2022-06-13 00:00:00,1081,Florida,PayPal
208,178,Electronics,Mobile,414.22,3,2022-11-30 00:00:00,1016,New York,Cash
209,158,Clothing,Laptop,492.09,15,2023-07-01 00:00:00,1072,New York,Debit Card
210,131,Groceries,Fruit,147.76,16,2022-12-14 00:00:00,1013,Texas,Debit Card
211,195,Clothing,Fruit,480.76,13,2022-09-30 00:00:00,1048,Florida,Cash
212,187,Clothing,Non-fiction,197.79,17,2023-12-21 00:00:00,1028,Texas,Cash
213,151,Groceries,Vegetable,195.83,3,2023-02-18 00:00:00,1094,Texas,Cash
214,161,Clothing,Non-fiction,173.49,11,2023-05-15 00:00:00,1003,California,Credit Card
215,157,Groceries,Laptop,273,19,2022-04-03 00:00:00,1081,California,PayPal
216,151,Electronics,Shirt,81.3,11,2023-11-16 00:00:00,1019,Florida,PayPal
217,111,Groceries,Vegetable,279.09,16,2022-03-20 00:00:00,1046,Illinois,Debit Card
218,138,Groceries,Board Game,273.14,3,2023-09-14 00:00:00,1008,California,PayPal
219,101,Books,Shirt,382.14,6,2022-08-05 00:00:00,1076,Illinois,Credit Card
220,102,Groceries,Vegetable,417.66,14,2022-12-24 00:00:00,1078,New York,Cash
221,155,Groceries,Vegetable,223.02,18,2023-09-10 00:00:00,1026,California,Debit Card
222,180,Electronics,Laptop,154.65,17,2023-05-22 00:00:00,1014,California,Debit Card
223,158,Books,Fiction,133.37,4,2023-07-13 00:00:00,1091,Florida,PayPal
224,101,Toys,Laptop,101.34,15,2022-06-30 00:00:00,1018,Illinois,Debit Card
225,101,Electronics,Vegetable,33.54,11,2023-07-30 00:00:00,1089,California,Cash
226,191,Electronics,Mobile,174.51,3,2022-09-03 00:00:00,1051,California,Debit Card
227,153,Toys,Shirt,138.77,3,2022-09-01 00:00:00,1025,Florida,Cash
228,186,Groceries,Laptop,483.38,16,2023-05-21 00:00:00,1088,Florida,Credit Card
229,195,Clothing,Fiction,281.07,5,2023-02-26 00:00:00,1025,Illinois,Credit Card
230,196,Books,Pants,176.9,10,2022-11-16 00:00:00,1025,New York,Cash
231,100,Clothing,Non-fiction,292.33,19,2022-03-28 00:00:00,1045,New York,PayPal
232,118,Toys,Vegetable,73.9,4,2022-08-05 00:00:00,1091,Texas,Debit Card
233,101,Electronics,Board Game,224.8,19,2023-05-05 00:00:00,1048,California,PayPal
234,152,Electronics,Pants,314.99,11,2023-06-03 00:00:00,1081,Illinois,Debit Card
235,143,Books,Fruit,247,2,2022-10-05 00:00:00,1095,California,Credit Card
236,189,Electronics,Action Figure,203.88,10,2023-12-23 00:00:00,1052,Illinois,Credit Card
237,131,Electronics,Fiction,496.95,11,2022-06-18 00:00:00,1002,Illinois,Credit Card
238,169,Books,Board Game,440.76,16,2022-11-26 00:00:00,1065,Illinois,Debit Card
239,131,Books,Action Figure,313.59,19,2023-10-12 00:00:00,1096,California,Credit Card
240,167,Toys,Fiction,286.84,11,2023-03-17 00:00:00,1041,Florida,Credit Card
241,154,Electronics,Mobile,312.23,14,2023-01-26 00:00:00,1018,California,Credit Card
242,174,Electronics,Non-fiction,104.65,2,2023-05-11 00:00:00,1016,Illinois,Credit Card
243,155,Toys,Pants,200.59,5,2023-01-16 00:00:00,1032,Texas,PayPal
244,116,Groceries,Shirt,24.53,5,2022-11-02 00:00:00,1075,New York,Credit Card
245,137,Groceries,Fiction,240.4,19,2023-11-04 00:00:00,1048,Illinois,Credit Card
246,123,Groceries,Shirt,273.8,12,2023-05-28 00:00:00,1055,Texas,PayPal
247,168,Toys,Non-fiction,117.74,18,2022-07-07 00:00:00,1062,Florida,PayPal
248,197,Electronics,Vegetable,482.19,4,2023-05-31 00:00:00,1002,Illinois,Debit Card
249,169,Toys,Fruit,455.18,17,2023-10-06 00:00:00,1048,Texas,Cash
250,185,Toys,Pants,362.46,10,2023-03-03 00:00:00,1054,Illinois,Credit Card
251,110,Groceries,Non-fiction,269.03,6,2023-05-17 00:00:00,1025,California,Credit Card
252,115,Clothing,Non-fiction,435.63,14,2023-12-31 00:00:00,1098,Texas,Credit Card
253,196,Electronics,Mobile,69.67,11,2022-09-17 00:00:00,1071,California,Debit Card
254,172,Groceries,Action Figure,396.3,11,2023-05-28 00:00:00,1051,California,Credit Card
255,158,Clothing,Fruit,66.79,18,2022-03-12 00:00:00,1099,Texas,Cash
256,169,Clothing,Pants,398.13,18,2023-04-23 00:00:00,1006,New York,PayPal
257,179,Books,Vegetable,141.5,11,2022-06-27 00:00:00,1045,Texas,Debit Card
258,192,Electronics,Vegetable,439.16,12,2023-04-02 00:00:00,1045,New York,PayPal
259,102,Clothing,Laptop,472.3,5,2022-07-08 00:00:00,1099,Illinois,Credit Card
260,119,Groceries,Non-fiction,78.65,9,2022-10-18 00:00:00,1015,Illinois,Credit Card
261,158,Books,Fiction,234.02,9,2023-06-04 00:00:00,1023,Texas,Credit Card
262,135,Electronics,Mobile,490.59,10,2022-10-19 00:00:00,1060,Illinois,Cash
263,118,Toys,Fruit,244.29,19,2023-09-27 00:00:00,1053,Florida,Cash
264,189,Groceries,Vegetable,432.46,1,2022-10-10 00:00:00,1061,California,Debit Card
265,166,Clothing,Pants,296.42,7,2023-06-28 00:00:00,1000,California,PayPal
266,118,Clothing,Laptop,190.79,4,2023-01-12 00:00:00,1048,New York,Credit Card
267,119,Groceries,Pants,146.46,1,2023-10-20 00:00:00,1024,Illinois,Credit Card
268,195,Clothing,Mobile,105.6,15,2022-06-05 00:00:00,1009,New York,Credit Card
269,170,Books,Fiction,382.09,8,2023-05-23 00:00:00,1079,California,Credit Card
270,151,Electronics,Laptop,196.34,12,2023-02-17 00:00:00,1015,California,Cash
271,132,Books,Laptop,258.08,18,2023-06-12 00:00:00,1057,Illinois,PayPal
272,139,Clothing,Action Figure,248.7,15,2022-12-21 00:00:00,1071,Florida,PayPal
273,138,Toys,Fruit,290.75,17,2023-07-13 00:00:00,1028,Florida,Debit Card
274,181,Electronics,Laptop,433.46,14,2022-07-06 00:00:00,1091,Illinois,Cash
275,100,Electronics,Action Figure,490.47,14,2022-01-31 00:00:00,1005,Illinois,Credit Card
276,110,Groceries,Action Figure,206.75,18,2022-09-17 00:00:00,1015,New York,PayPal
277,191,Groceries,Mobile,414.62,18,2023-02-25 00:00:00,1019,Illinois,PayPal
278,156,Toys,Shirt,383.44,16,2023-06-13 00:00:00,1079,Florida,Cash
279,188,Electronics,Pants,288.9,1,2023-07-05 00:00:00,1070,Illinois,Debit Card
280,149,Toys,Fiction,478.24,11,2022-10-31 00:00:00,1077,New York,Debit Card
281,122,Groceries,Board Game,104.23,15,2022-02-08 00:00:00,1042,New York,Credit Card
282,130,Groceries,Pants,59.09,12,2023-05-04 00:00:00,1025,New York,Debit Card
283,193,Electronics,Laptop,427.71,8,2023-10-06 00:00:00,1089,New York,PayPal
284,141,Books,Fiction,222.38,6,2023-06-26 00:00:00,1077,Texas,Debit Card
285,198,Clothing,Vegetable,424.25,3,2023-11-01 00:00:00,1070,Illinois,Credit Card
286,106,Groceries,Shirt,447.08,13,2022-10-05 00:00:00,1032,California,PayPal
287,115,Groceries,Vegetable,35.92,13,2022-07-22 00:00:00,1025,Illinois,Debit Card
288,189,Books,Vegetable,442.32,2,2022-03-07 00:00:00,1044,Texas,Debit Card
289,159,Books,Fruit,226.92,5,2022-04-18 00:00:00,1083,New York,Cash
290,101,Toys,Pants,257.66,17,2022-09-25 00:00:00,1062,Texas,Credit Card
291,100,Toys,Board Game,315.16,6,2022-08-10 00:00:00,1066,Florida,Debit Card
292,147,Clothing,Mobile,463.56,2,2023-06-14 00:00:00,1051,Florida,Cash
293,111,Clothing,Board Game,14.46,4,2022-03-31 00:00:00,1067,Illinois,PayPal
294,168,Electronics,Vegetable,241.04,11,2023-11-24 00:00:00,1025,Illinois,Cash
295,136,Toys,Laptop,345.42,8,2022-09-12 00:00:00,1074,California,Cash
296,131,Groceries,Shirt,362.74,12,2023-03-31 00:00:00,1001,California,Debit Card
297,108,Toys,Non-fiction,347.8,8,2022-09-10 00:00:00,1013,Florida,Debit Card
298,198,Groceries,Board Game,71.55,11,2022-09-14 00:00:00,1029,New York,Debit Card
299,118,Books,Vegetable,153.2,8,2023-01-18 00:00:00,1048,Texas,Cash
300,147,Toys,Shirt,182.56,8,2023-03-18 00:00:00,1011,California,PayPal
301,179,Books,Fiction,403.2,17,2023-08-22 00:00:00,1089,California,Credit Card
302,102,Clothing,Pants,142.99,16,2022-03-31 00:00:00,1043,New York,Cash
303,119,Clothing,Action Figure,109.3,14,2023-01-25 00:00:00,1032,New York,Debit Card
304,123,Electronics,Fruit,478.94,11,2023-08-05 00:00:00,1012,Illinois,Credit Card
305,153,Toys,Shirt,9.39,7,2022-02-13 00:00:00,1077,Texas,PayPal
306,132,Books,Laptop,498.92,16,2023-12-13 00:00:00,1087,New York,Credit Card
307,123,Groceries,Laptop,340.03,13,2023-10-26 00:00:00,1097,California,Debit Card
308,174,Clothing,Shirt,415.09,15,2023-08-21 00:00:00,1025,California,Cash
309,171,Clothing,Laptop,150.84,16,2022-01-19 00:00:00,1020,Florida,Cash
310,135,Groceries,Pants,12.09,9,2022-04-11 00:00:00,1027,New York,Debit Card
311,137,Books,Laptop,370.25,3,2023-08-30 00:00:00,1047,Illinois,Cash
312,183,Books,Board Game,417.9,19,2022-12-23 00:00:00,1099,Texas,Debit Card
313,198,Toys,Action Figure,371.54,5,2023-06-26 00:00:00,1039,Illinois,Cash
314,188,Toys,Laptop,75.71,10,2022-02-02 00:00:00,1065,California,Cash
315,198,Electronics,Action Figure,377.95,17,2022-08-17 00:00:00,1072,Illinois,Cash
316,124,Clothing,Vegetable,385.62,15,2023-06-08 00:00:00,1086,California,PayPal
317,192,Toys,Mobile,330.98,8,2023-09-22 00:00:00,1078,California,PayPal
318,117,Books,Pants,384.23,15,2022-06-04 00:00:00,1076,California,Debit Card
319,181,Groceries,Mobile,423.73,14,2023-02-27 00:00:00,1022,California,PayPal
320,165,Books,Vegetable,308.73,7,2022-09-03 00:00:00,1080,California,Debit Card
321,153,Clothing,Pants,48.86,12,2023-02-09 00:00:00,1047,Florida,Credit Card
322,134,Books,Shirt,246.38,17,2023-06-25 00:00:00,1001,Illinois,Credit Card
323,179,Electronics,Shirt,43.44,17,2022-06-10 00:00:00,1083,Florida,PayPal
324,160,Clothing,Action Figure,206.73,10,2023-12-03 00:00:00,1019,Florida,Credit Card
325,140,Groceries,Vegetable,206.52,19,2022-04-27 00:00:00,1058,New York,Credit Card
326,199,Electronics,Action Figure,37.67,14,2022-09-28 00:00:00,1045,New York,Cash
327,132,Clothing,Fruit,177.67,11,2023-11-23 00:00:00,1002,New York,Cash
328,167,Groceries,Laptop,59.94,2,2023-05-02 00:00:00,1054,Texas,Debit Card
329,132,Electronics,Non-fiction,405.08,18,2022-06-21 00:00:00,1011,New York,Credit Card
330,113,Electronics,Fruit,474.11,7,2022-10-01 00:00:00,1039,Illinois,Debit Card
331,120,Clothing,Laptop,40.8,12,2022-09-16 00:00:00,1065,Florida,Debit Card
332,147,Toys,Pants,477.78,2,2022-05-15 00:00:00,1099,Illinois,Credit Card
333,119,Electronics,Action Figure,263.68,18,2023-11-14 00:00:00,1077,New York,PayPal
334,107,Electronics,Pants,153.29,6,2023-12-23 00:00:00,1015,Texas,Credit Card
335,106,Groceries,Pants,43.05,10,2023-02-26 00:00:00,1082,Texas,Cash
336,166,Books,Laptop,252.81,15,2023-02-25 00:00:00,1033,Florida,Credit Card
337,116,Clothing,Vegetable,398.29,5,2022-07-05 00:00:00,1043,Illinois,PayPal
338,132,Clothing,Laptop,355.01,3,2022-12-30 00:00:00,1005,California,Debit Card
339,147,Toys,Fiction,29.86,5,2023-08-30 00:00:00,1076,Illinois,Debit Card
340,175,Toys,Shirt,41.09,8,2023-01-13 00:00:00,1063,New York,Cash
341,158,Clothing,Shirt,204.42,8,2023-06-07 00:00:00,1099,California,Cash
342,185,Toys,Fruit,151.17,8,2023-08-03 00:00:00,1021,Texas,Cash
343,121,Groceries,Shirt,120.03,12,2023-12-23 00:00:00,1017,Florida,Debit Card
344,129,Clothing,Laptop,144.1,8,2022-07-15 00:00:00,1011,Florida,Cash
345,137,Toys,Board Game,402.72,11,2022-04-08 00:00:00,1051,Texas,Credit Card
346,150,Clothing,Action Figure,464.97,14,2023-08-28 00:00:00,1093,New York,Debit Card
347,153,Books,Laptop,205.53,8,2022-01-22 00:00:00,1050,Texas,PayPal
348,107,Electronics,Laptop,453.52,10,2023-03-26 00:00:00,1070,New York,Debit Card
349,126,Clothing,Non-fiction,164.14,7,2022-06-21 00:00:00,1095,California,Credit Card
350,126,Electronics,Action Figure,240.84,17,2023-01-18 00:00:00,1047,Texas,Credit Card
351,197,Toys,Fiction,116.88,4,2022-05-14 00:00:00,1018,New York,Cash
352,120,Electronics,Shirt,322.04,13,2023-03-02 00:00:00,1005,California,Debit Card
353,129,Clothing,Action Figure,489.6,4,2022-01-25 00:00:00,1083,Texas,Debit Card
354,196,Books,Shirt,303.73,5,2023-05-18 00:00:00,1026,Florida,Debit Card
355,127,Toys,Fruit,182.12,4,2022-07-04 00:00:00,1052,Texas,PayPal
356,163,Clothing,Action Figure,325.67,18,2022-03-26 00:00:00,1047,Illinois,Cash
357,196,Toys,Shirt,65.85,6,2023-07-21 00:00:00,1006,Texas,Credit Card
358,168,Groceries,Fiction,444.89,2,2022-05-24 00:00:00,1058,Illinois,Credit Card
359,160,Electronics,Mobile,254.03,11,2023-11-10 00:00:00,1068,California,Cash
360,147,Groceries,Pants,227.43,14,2023-02-16 00:00:00,1010,Texas,Credit Card
361,118,Clothing,Pants,295,5,2022-08-12 00:00:00,1014,California,Credit Card
362,103,Books,Fiction,314.27,6,2022-08-08 00:00:00,1063,California,Cash
363,134,Toys,Non-fiction,40.53,10,2022-06-28 00:00:00,1002,New York,Credit Card
364,163,Electronics,Mobile,342.9,8,2023-09-23 00:00:00,1068,California,Debit Card
365,148,Toys,Fruit,124.76,14,2023-03-09 00:00:00,1022,California,PayPal
366,116,Clothing,Fiction,358.41,3,2022-09-22 00:00:00,1052,Texas,Cash
367,143,Toys,Pants,412.15,12,2023-03-05 00:00:00,1036,Texas,PayPal
368,191,Electronics,Pants,402.96,16,2023-10-24 00:00:00,1008,Florida,Credit Card
369,129,Clothing,Pants,278.49,17,2023-02-20 00:00:00,1014,New York,Credit Card
370,192,Toys,Vegetable,262.48,1,2023-03-29 00:00:00,1002,California,Debit Card
371,145,Books,Fiction,75.72,10,2023-12-28 00:00:00,1092,New York,Cash
372,105,Clothing,Laptop,388.8,10,2022-07-16 00:00:00,1069,Illinois,Credit Card
373,198,Clothing,Fruit,139.35,2,2023-07-08 00:00:00,1016,California,Cash
374,136,Books,Pants,250.86,9,2022-02-22 00:00:00,1025,New York,Cash
375,123,Groceries,Shirt,145.72,13,2023-04-25 00:00:00,1020,Florida,Cash
376,192,Electronics,Fiction,71.25,16,2023-03-19 00:00:00,1071,Florida,Cash
377,145,Groceries,Vegetable,316.63,18,2022-11-26 00:00:00,1020,California,Cash
378,152,Toys,Fiction,31.89,19,2022-09-08 00:00:00,1010,Illinois,PayPal
379,194,Books,Fruit,375.58,12,2022-05-03 00:00:00,1037,Florida,Debit Card
380,198,Groceries,Vegetable,162.21,8,2023-01-22 00:00:00,1071,Florida,Cash
381,159,Clothing,Fruit,5.07,17,2022-12-05 00:00:00,1087,Illinois,PayPal
382,196,Toys,Fiction,258.01,15,2022-12-14 00:00:00,1034,New York,Credit Card
383,162,Toys,Laptop,28.19,10,2022-01-29 00:00:00,1013,Florida,Cash
384,184,Groceries,Fruit,141.7,15,2022-02-04 00:00:00,1013,Texas,Credit Card
385,131,Groceries,Vegetable,354.95,15,2023-06-02 00:00:00,1009,Florida,Cash
386,186,Books,Vegetable,36.03,7,2023-01-31 00:00:00,1011,New York,PayPal
387,132,Electronics,Fruit,420.47,13,2023-09-15 00:00:00,1037,New York,PayPal
388,166,Groceries,Board Game,6.89,17,2022-10-21 00:00:00,1033,California,PayPal
389,117,Groceries,Fiction,127.18,9,2023-08-12 00:00:00,1040,Texas,Debit Card
390,124,Clothing,Board Game,371.75,8,2022-12-15 00:00:00,1009,New York,Credit Card
391,194,Toys,Non-fiction,161.55,18,2022-05-27 00:00:00,1016,Illinois,Debit Card
392,153,Electronics,Fiction,55.44,13,2022-03-08 00:00:00,1016,Texas,Cash
393,157,Clothing,Fruit,183.32,16,2023-06-04 00:00:00,1066,Texas,Credit Card
394,166,Books,Mobile,138.84,9,2022-05-02 00:00:00,1061,Illinois,PayPal
395,145,Books,Fruit,422.14,12,2022-12-06 00:00:00,1094,Florida,Credit Card
396,123,Groceries,Board Game,160.11,12,2022-06-24 00:00:00,1000,Illinois,PayPal
397,131,Groceries,Laptop,395.52,6,2023-11-22 00:00:00,1011,Illinois,Debit Card
398,146,Books,Fruit,446.48,19,2023-08-20 00:00:00,1003,Florida,Debit Card
399,185,Groceries,Fruit,219.74,7,2023-03-27 00:00:00,1041,Florida,PayPal
400,122,Electronics,Laptop,455.42,3,2023-07-11 00:00:00,1012,Florida,PayPal
401,165,Groceries,Fruit,191.77,16,2022-05-16 00:00:00,1097,Florida,Cash
402,126,Toys,Pants,482.22,18,2022-01-16 00:00:00,1084,Florida,Debit Card
403,101,Groceries,Mobile,49.2,16,2022-11-29 00:00:00,1085,Illinois,Debit Card
404,189,Clothing,Shirt,345.07,7,2022-07-14 00:00:00,1003,California,Cash
405,116,Electronics,Mobile,249.44,4,2023-05-11 00:00:00,1081,California,Debit Card
406,132,Clothing,Fruit,196.89,8,2022-01-09 00:00:00,1068,New York,PayPal
407,108,Clothing,Pants,318.19,13,2022-11-30 00:00:00,1018,California,Credit Card
408,142,Toys,Fiction,353.41,13,2022-11-29 00:00:00,1001,California,Credit Card
409,147,Electronics,Fruit,7.16,17,2022-11-23 00:00:00,1011,Illinois,Debit Card
410,138,Electronics,Board Game,87.64,17,2022-01-15 00:00:00,1080,Florida,Cash
411,192,Electronics,Pants,357.96,5,2023-09-06 00:00:00,1073,Florida,PayPal
412,141,Electronics,Laptop,334.86,6,2022-08-14 00:00:00,1097,Illinois,Credit Card
413,125,Electronics,Pants,483.19,19,2023-03-01 00:00:00,1005,California,PayPal
414,198,Toys,Laptop,381.71,13,2023-02-12 00:00:00,1007,Illinois,Debit Card
415,149,Groceries,Non-fiction,475.63,14,2022-04-23 00:00:00,1050,New York,Debit Card
416,124,Clothing,Shirt,352.76,4,2023-03-04 00:00:00,1010,Florida,Credit Card
417,123,Electronics,Action Figure,152.54,7,2022-01-01 00:00:00,1062,Texas,Debit Card
418,112,Groceries,Pants,57.16,8,2022-09-23 00:00:00,1056,New York,Cash
419,159,Groceries,Vegetable,392,13,2023-05-06 00:00:00,1011,New York,Debit Card
420,106,Clothing,Board Game,323.85,6,2022-07-27 00:00:00,1072,Illinois,Debit Card
421,156,Toys,Fruit,28.85,6,2023-09-14 00:00:00,1001,California,Debit Card
422,135,Books,Board Game,183.22,3,2023-12-13 00:00:00,1007,Florida,PayPal
423,144,Books,Mobile,478.62,3,2023-01-04 00:00:00,1010,Texas,PayPal
424,119,Groceries,Action Figure,252.7,13,2022-11-02 00:00:00,1052,New York,Credit Card
425,164,Clothing,Mobile,219.2,2,2022-01-12 00:00:00,1099,Texas,Credit Card
426,107,Books,Non-fiction,231.56,16,2022-12-11 00:00:00,1009,California,Credit Card
427,115,Groceries,Action Figure,108.4,6,2023-04-10 00:00:00,1084,California,Debit Card
428,113,Toys,Action Figure,187.51,8,2023-12-01 00:00:00,1083,Texas,PayPal
429,175,Books,Mobile,188.06,8,2023-10-28 00:00:00,1007,Florida,Cash
430,186,Groceries,Laptop,30.92,6,2023-05-09 00:00:00,1035,California,Debit Card
431,114,Groceries,Mobile,384.95,14,2023-01-03 00:00:00,1092,Texas,Debit Card
432,191,Electronics,Board Game,211.17,3,2023-02-24 00:00:00,1075,New York,Debit Card
433,197,Toys,Laptop,411.98,10,2022-06-20 00:00:00,1013,Texas,Cash
434,165,Electronics,Board Game,425.92,3,2022-05-14 00:00:00,1053,Texas,Credit Card
435,131,Clothing,Non-fiction,109.94,12,2023-03-03 00:00:00,1084,Illinois,Cash
436,186,Electronics,Fruit,330.39,17,2022-01-25 00:00:00,1085,California,Credit Card
437,162,Electronics,Fiction,238.78,5,2023-06-14 00:00:00,1020,Florida,Cash
438,185,Books,Laptop,440.68,9,2022-07-09 00:00:00,1049,Florida,PayPal
439,150,Groceries,Non-fiction,111.79,7,2022-05-21 00:00:00,1093,Illinois,Debit Card
440,124,Toys,Vegetable,340.52,4,2023-07-09 00:00:00,1038,Florida,Debit Card
441,157,Electronics,Non-fiction,305.84,13,2023-10-20 00:00:00,1019,Texas,Debit Card
442,162,Toys,Mobile,151.17,13,2022-11-11 00:00:00,1087,Illinois,Credit Card
443,161,Electronics,Mobile,72.62,10,2023-03-20 00:00:00,1086,New York,Cash
444,121,Clothing,Fiction,327.56,18,2022-11-15 00:00:00,1006,California,PayPal
445,157,Electronics,Non-fiction,370.61,17,2023-03-17 00:00:00,1008,California,Cash
446,157,Books,Shirt,161.24,13,2022-04-02 00:00:00,1000,California,Debit Card
447,185,Groceries,Fruit,324.19,17,2022-06-28 00:00:00,1025,Texas,PayPal
448,148,Clothing,Mobile,200.59,4,2022-02-25 00:00:00,1037,New York,PayPal
449,151,Electronics,Fiction,358.04,1,2022-06-04 00:00:00,1037,Illinois,Debit Card
450,141,Toys,Fruit,103.61,1,2023-11-03 00:00:00,1060,Illinois,Cash
451,169,Clothing,Non-fiction,445.66,15,2022-04-21 00:00:00,1043,California,Debit Card
452,114,Clothing,Non-fiction,147.27,13,2022-05-17 00:00:00,1085,New York,Cash
453,153,Electronics,Action Figure,187.05,17,2022-08-20 00:00:00,1043,New York,PayPal
454,159,Clothing,Fiction,33.76,8,2023-04-13 00:00:00,1073,New York,PayPal
455,196,Toys,Mobile,60.2,18,2023-04-26 00:00:00,1061,Florida,Debit Card
456,107,Clothing,Shirt,260.35,13,2022-03-09 00:00:00,1005,Florida,PayPal
457,152,Toys,Non-fiction,137.46,14,2022-09-06 00:00:00,1016,California,Credit Card
458,159,Electronics,Shirt,418.56,8,2022-11-19 00:00:00,1050,New York,PayPal
459,104,Groceries,Non-fiction,12.27,8,2023-06-02 00:00:00,1037,New York,Credit Card
460,167,Clothing,Mobile,192.65,15,2023-03-08 00:00:00,1023,Illinois,PayPal
461,105,Groceries,Fruit,171.99,13,2023-05-02 00:00:00,1050,Illinois,Debit Card
462,195,Toys,Pants,14.57,7,2023-08-29 00:00:00,1009,California,Debit Card
463,193,Clothing,Fruit,66.56,5,2023-03-05 00:00:00,1071,New York,Credit Card
464,146,Books,Non-fiction,209.75,17,2022-09-26 00:00:00,1020,California,Debit Card
465,198,Groceries,Board Game,248.97,16,2023-12-10 00:00:00,1069,Illinois,PayPal
466,154,Clothing,Pants,205.12,2,2023-06-21 00:00:00,1084,Illinois,PayPal
467,139,Groceries,Pants,267.81,18,2022-05-28 00:00:00,1056,Florida,Debit Card
468,151,Clothing,Shirt,299.59,17,2022-04-28 00:00:00,1038,California,PayPal
469,115,Electronics,Fiction,9.91,7,2023-01-02 00:00:00,1087,California,Cash
470,112,Groceries,Shirt,234.73,13,2022-03-07 00:00:00,1032,New York,Cash
471,129,Books,Shirt,481.93,18,2023-01-05 00:00:00,1058,New York,PayPal
472,118,Books,Board Game,261.92,14,2022-06-24 00:00:00,1017,Florida,Debit Card
473,116,Toys,Fruit,340.38,18,2023-08-11 00:00:00,1055,Texas,Credit Card
474,162,Clothing,Fruit,159.37,13,2023-05-10 00:00:00,1091,Texas,Debit Card
475,118,Groceries,Vegetable,388.13,11,2022-04-24 00:00:00,1056,Texas,Credit Card
476,191,Toys,Non-fiction,387.6,16,2022-04-21 00:00:00,1095,California,Debit Card
477,157,Groceries,Board Game,263.04,17,2023-03-15 00:00:00,1075,California,PayPal
478,154,Clothing,Vegetable,488.13,8,2023-12-16 00:00:00,1047,Illinois,Cash
479,189,Books,Mobile,67.15,19,2022-05-27 00:00:00,1041,California,Debit Card
480,189,Electronics,Non-fiction,13.39,15,2022-02-04 00:00:00,1026,California,Credit Card
481,161,Books,Non-fiction,386.23,9,2022-11-05 00:00:00,1073,California,Cash
482,122,Toys,Action Figure,404.54,10,2023-06-22 00:00:00,1051,Florida,Credit Card
483,108,Electronics,Action Figure,64.5,12,2022-01-14 00:00:00,1041,California,PayPal
484,111,Toys,Laptop,136.46,1,2023-01-09 00:00:00,1031,New York,Cash
485,100,Clothing,Laptop,13.69,9,2023-07-11 00:00:00,1025,New York,Credit Card
486,157,Electronics,Shirt,150.19,15,2023-03-04 00:00:00,1024,Illinois,Debit Card
487,100,Toys,Mobile,387.71,1,2023-12-29 00:00:00,1074,Florida,PayPal
488,133,Clothing,Pants,261.39,12,2022-08-21 00:00:00,1022,New York,PayPal
489,195,Books,Pants,177.31,3,2023-12-06 00:00:00,1097,Florida,PayPal
490,147,Clothing,Action Figure,189.01,11,2023-07-17 00:00:00,1056,Florida,Debit Card
491,188,Groceries,Action Figure,5.67,2,2023-12-27 00:00:00,1051,Illinois,Debit Card
492,100,Clothing,Action Figure,153.4,16,2023-10-25 00:00:00,1086,Florida,Cash
493,115,Clothing,Board Game,325,9,2023-03-16 00:00:00,1092,California,Debit Card
494,160,Groceries,Fiction,487.23,15,2023-05-17 00:00:00,1030,Florida,Cash
495,163,Toys,Laptop,424.3,12,2022-10-02 00:00:00,1063,Illinois,PayPal
496,162,Toys,Board Game,16.68,1,2022-03-17 00:00:00,1070,Illinois,Cash
497,168,Clothing,Fruit,449.79,13,2023-03-15 00:00:00,1032,Illinois,Credit Card
498,121,Groceries,Pants,392.68,14,2023-11-30 00:00:00,1084,New York,PayPal
499,192,Groceries,Non-fiction,391.29,8,2022-10-16 00:00:00,1001,California,PayPal
500,166,Books,Laptop,231.71,8,2023-06-24 00:00:00,1017,New York,Cash
501,175,Toys,Vegetable,202.01,12,2023-11-23 00:00:00,1046,Texas,PayPal
502,125,Electronics,Fruit,154.94,1,2022-09-10 00:00:00,1032,California,Debit Card
503,115,Toys,Laptop,37.52,11,2022-05-06 00:00:00,1097,Florida,Credit Card
504,150,Toys,Board Game,117.98,8,2022-06-26 00:00:00,1083,Illinois,Cash
505,185,Books,Mobile,127.07,10,2022-02-06 00:00:00,1034,Texas,Cash
506,156,Electronics,Non-fiction,244.62,19,2023-02-14 00:00:00,1050,California,PayPal
507,128,Books,Laptop,374.98,11,2023-09-03 00:00:00,1017,New York,Debit Card
508,177,Electronics,Fiction,239.54,7,2023-09-02 00:00:00,1087,Illinois,PayPal
509,191,Clothing,Action Figure,33.63,11,2022-05-07 00:00:00,1071,New York,PayPal
510,168,Electronics,Action Figure,479.11,17,2023-04-28 00:00:00,1029,California,Cash
511,146,Books,Non-fiction,471.65,1,2022-06-17 00:00:00,1043,California,PayPal
512,193,Toys,Board Game,393.67,8,2023-08-15 00:00:00,1052,Texas,Credit Card
513,161,Electronics,Action Figure,495.71,6,2022-10-21 00:00:00,1009,Florida,PayPal
514,168,Electronics,Laptop,274.52,18,2023-09-30 00:00:00,1086,New York,PayPal
515,175,Groceries,Vegetable,481.57,6,2022-12-09 00:00:00,1051,Texas,Cash
516,115,Toys,Pants,42.42,5,2022-11-06 00:00:00,1048,Illinois,PayPal
517,189,Clothing,Pants,186.01,13,2023-10-24 00:00:00,1010,Florida,Debit Card
518,189,Books,Fruit,116.56,19,2023-06-12 00:00:00,1065,Texas,Cash
519,147,Clothing,Shirt,101.94,8,2023-06-24 00:00:00,1057,New York,PayPal
520,184,Toys,Mobile,74.7,9,2023-02-23 00:00:00,1089,California,Credit Card
521,138,Electronics,Non-fiction,313.09,17,2023-03-20 00:00:00,1035,Illinois,Credit Card
522,199,Electronics,Fruit,391.75,3,2023-11-16 00:00:00,1032,New York,Cash
523,132,Toys,Shirt,291.26,19,2023-07-12 00:00:00,1046,Florida,Cash
524,193,Electronics,Board Game,77.75,11,2022-08-24 00:00:00,1012,Florida,PayPal
525,122,Electronics,Fiction,406.51,17,2023-03-15 00:00:00,1039,California,Debit Card
526,109,Electronics,Fiction,319.8,19,2022-08-02 00:00:00,1088,California,PayPal
527,168,Books,Mobile,197.14,2,2022-03-26 00:00:00,1067,Illinois,Credit Card
528,199,Books,Action Figure,338.69,8,2022-03-26 00:00:00,1041,Illinois,Debit Card
529,133,Groceries,Laptop,133.65,19,2023-05-04 00:00:00,1018,California,Debit Card
530,151,Clothing,Fruit,175.87,7,2022-03-06 00:00:00,1081,California,Debit Card
531,194,Toys,Fruit,459.16,17,2023-10-08 00:00:00,1093,Florida,PayPal
532,109,Toys,Non-fiction,148.8,6,2023-10-25 00:00:00,1018,California,Credit Card
533,118,Toys,Non-fiction,237.64,19,2023-09-19 00:00:00,1057,Texas,Cash
534,157,Groceries,Fiction,445.62,6,2022-03-05 00:00:00,1022,New York,PayPal
535,195,Books,Fiction,355.32,2,2022-12-09 00:00:00,1053,California,Cash
536,100,Groceries,Vegetable,35.79,6,2022-12-18 00:00:00,1079,Illinois,Debit Card
537,168,Toys,Vegetable,77.92,5,2022-06-07 00:00:00,1064,Texas,Debit Card
538,103,Clothing,Action Figure,8.88,19,2023-08-12 00:00:00,1011,Illinois,PayPal
539,115,Electronics,Vegetable,317.31,4,2023-05-06 00:00:00,1023,Texas,Credit Card
540,123,Books,Laptop,226.6,17,2023-10-20 00:00:00,1033,California,Debit Card
541,179,Books,Laptop,71.47,11,2023-04-08 00:00:00,1052,New York,Cash
542,101,Groceries,Fruit,479.18,4,2022-08-13 00:00:00,1007,Illinois,Cash
543,191,Books,Pants,267.18,13,2022-11-09 00:00:00,1017,Texas,PayPal
544,131,Toys,Laptop,124.74,17,2023-09-07 00:00:00,1056,Florida,Cash
545,190,Toys,Shirt,252.8,9,2023-04-11 00:00:00,1004,California,Credit Card
546,183,Groceries,Fiction,341.41,4,2022-03-29 00:00:00,1025,New York,Debit Card
547,123,Toys,Non-fiction,42.74,14,2022-10-30 00:00:00,1029,California,Cash
548,111,Clothing,Vegetable,140.98,19,2023-11-11 00:00:00,1053,Florida,Cash
549,149,Groceries,Fruit,404.45,3,2023-03-11 00:00:00,1012,New York,Debit Card
550,134,Clothing,Mobile,232.53,14,2023-11-13 00:00:00,1082,Florida,PayPal
551,132,Electronics,Non-fiction,275.56,8,2022-05-15 00:00:00,1028,California,Cash
552,132,Clothing,Shirt,219.24,1,2022-02-19 00:00:00,1002,Texas,PayPal
553,160,Electronics,Vegetable,26.73,10,2023-03-08 00:00:00,1089,California,PayPal
554,150,Electronics,Shirt,87.05,18,2022-12-06 00:00:00,1057,California,Cash
555,142,Clothing,Fiction,225.54,16,2022-12-13 00:00:00,1075,California,Credit Card
556,111,Groceries,Fiction,108.55,8,2023-10-08 00:00:00,1001,Illinois,PayPal
557,166,Toys,Action Figure,29.74,1,2022-12-13 00:00:00,1074,Florida,Cash
558,164,Toys,Fruit,422.61,12,2023-10-11 00:00:00,1027,Florida,PayPal
559,132,Electronics,Non-fiction,490.69,8,2022-09-02 00:00:00,1081,Florida,Debit Card
560,139,Electronics,Board Game,397.61,16,2022-04-19 00:00:00,1076,Illinois,Credit Card
561,173,Groceries,Board Game,427.62,18,2023-06-17 00:00:00,1085,Texas,Credit Card
562,142,Books,Non-fiction,124.78,4,2022-03-31 00:00:00,1075,California,Debit Card
563,143,Clothing,Mobile,480.51,6,2022-10-23 00:00:00,1001,Texas,Debit Card
564,128,Electronics,Fruit,102.48,12,2022-04-22 00:00:00,1006,Illinois,PayPal
565,112,Toys,Shirt,475.96,9,2023-08-12 00:00:00,1025,Florida,Debit Card
566,111,Groceries,Mobile,497.44,15,2022-06-26 00:00:00,1089,California,Credit Card
567,194,Clothing,Pants,357.3,16,2022-12-09 00:00:00,1087,New York,Debit Card
568,145,Groceries,Non-fiction,490.67,12,2023-10-22 00:00:00,1075,New York,Cash
569,101,Clothing,Shirt,286.92,14,2022-04-11 00:00:00,1015,Texas,Cash
570,134,Clothing,Board Game,133.47,13,2023-09-21 00:00:00,1022,Florida,PayPal
571,186,Electronics,Laptop,221.31,2,2023-08-27 00:00:00,1039,New York,Credit Card
572,180,Groceries,Action Figure,298.81,3,2023-02-05 00:00:00,1059,Texas,Cash
573,189,Groceries,Board Game,41.18,10,2022-01-28 00:00:00,1072,Illinois,Debit Card
574,107,Toys,Fruit,313.06,9,2023-06-21 00:00:00,1031,Texas,Cash
575,192,Toys,Fiction,490.68,8,2022-02-27 00:00:00,1014,Texas,Cash
576,125,Electronics,Laptop,99.1,10,2023-05-13 00:00:00,1012,Texas,PayPal
577,173,Electronics,Action Figure,397.33,19,2022-10-24 00:00:00,1004,California,Debit Card
578,189,Books,Action Figure,454.41,3,2022-05-14 00:00:00,1074,Texas,Debit Card
579,133,Toys,Pants,472.13,5,2022-11-27 00:00:00,1073,Texas,Debit Card
580,106,Clothing,Pants,480.27,3,2022-09-06 00:00:00,1051,California,PayPal
581,167,Groceries,Vegetable,263.12,16,2023-07-04 00:00:00,1076,California,Debit Card
582,157,Electronics,Board Game,488.77,17,2022-03-16 00:00:00,1040,Illinois,Debit Card
583,174,Groceries,Board Game,379.87,15,2023-10-16 00:00:00,1052,Florida,Cash
584,128,Groceries,Board Game,85.03,3,2022-06-17 00:00:00,1049,New York,Cash
585,135,Books,Vegetable,241.07,12,2023-05-18 00:00:00,1014,New York,Debit Card
586,188,Toys,Mobile,360.57,9,2022-12-21 00:00:00,1006,Texas,Credit Card
587,120,Electronics,Action Figure,127.43,12,2022-08-13 00:00:00,1039,Illinois,Credit Card
588,135,Groceries,Laptop,322.1,15,2023-10-26 00:00:00,1027,Texas,Debit Card
589,109,Electronics,Fruit,334.97,2,2023-06-15 00:00:00,1031,New York,Credit Card
590,172,Clothing,Action Figure,85.54,18,2022-05-26 00:00:00,1098,California,PayPal
591,123,Books,Pants,284.72,12,2022-08-29 00:00:00,1014,Florida,Cash
592,163,Clothing,Shirt,386.96,4,2022-12-10 00:00:00,1099,Illinois,PayPal
593,198,Electronics,Fiction,251.95,16,2022-02-04 00:00:00,1084,California,Cash
594,148,Electronics,Vegetable,10.99,16,2023-12-03 00:00:00,1069,Florida,Credit Card
595,198,Toys,Non-fiction,9.47,1,2022-01-01 00:00:00,1064,Illinois,Credit Card
596,135,Groceries,Shirt,181.73,2,2022-06-02 00:00:00,1003,Illinois,Debit Card
597,181,Groceries,Fruit,463.47,3,2023-03-05 00:00:00,1010,New York,Credit Card
598,195,Clothing,Board Game,118.2,17,2023-05-23 00:00:00,1025,California,Credit Card
599,123,Books,Pants,319.01,1,2022-05-06 00:00:00,1060,Illinois,Debit Card
600,122,Groceries,Pants,114.93,6,2023-05-06 00:00:00,1036,Illinois,Debit Card
601,161,Toys,Pants,164.23,15,2023-04-27 00:00:00,1022,Florida,Cash
602,195,Clothing,Board Game,424.78,14,2022-12-11 00:00:00,1092,New York,Credit Card
603,136,Clothing,Non-fiction,365.79,15,2022-08-09 00:00:00,1084,Texas,Cash
604,111,Toys,Vegetable,52.22,14,2023-12-24 00:00:00,1090,New York,Cash
605,154,Books,Shirt,217.21,5,2022-01-25 00:00:00,1039,Texas,PayPal
606,112,Toys,Board Game,19.44,6,2023-06-12 00:00:00,1076,California,Credit Card
607,122,Books,Fruit,243.04,17,2022-07-01 00:00:00,1022,California,Credit Card
608,188,Toys,Vegetable,332.9,11,2023-05-14 00:00:00,1015,Illinois,PayPal
609,198,Toys,Fruit,63.66,16,2023-10-03 00:00:00,1093,California,Cash
610,129,Electronics,Vegetable,148,12,2022-02-11 00:00:00,1060,Illinois,Credit Card
611,116,Clothing,Non-fiction,201.93,15,2023-04-26 00:00:00,1067,New York,Cash
612,161,Toys,Fiction,460.17,4,2023-03-15 00:00:00,1079,California,PayPal
613,183,Toys,Fruit,496.66,18,2023-02-06 00:00:00,1030,New York,Debit Card
614,188,Groceries,Board Game,27.23,3,2023-06-30 00:00:00,1052,New York,Cash
615,185,Clothing,Vegetable,381.7,8,2022-12-11 00:00:00,1024,California,Credit Card
616,112,Groceries,Pants,189,3,2022-02-14 00:00:00,1043,New York,Debit Card
617,158,Clothing,Action Figure,199.27,8,2023-10-08 00:00:00,1011,California,Cash
618,118,Groceries,Pants,378.36,18,2022-01-21 00:00:00,1089,California,Cash
619,148,Toys,Mobile,459.62,10,2023-09-26 00:00:00,1096,California,Debit Card
620,199,Toys,Fiction,475.71,17,2022-03-11 00:00:00,1091,Texas,Debit Card
621,111,Electronics,Fiction,290.68,8,2022-02-17 00:00:00,1008,New York,Debit Card
622,160,Groceries,Pants,181.77,11,2023-05-06 00:00:00,1011,Florida,Credit Card
623,118,Books,Shirt,394.84,5,2023-07-05 00:00:00,1068,California,Credit Card
624,175,Electronics,Non-fiction,129.25,13,2022-10-14 00:00:00,1053,New York,Cash
625,108,Groceries,Fruit,284.22,5,2022-01-10 00:00:00,1053,Illinois,Cash
626,170,Groceries,Board Game,182.5,13,2023-06-26 00:00:00,1027,California,PayPal
627,127,Electronics,Fiction,330.03,6,2022-10-01 00:00:00,1055,California,Credit Card
628,177,Toys,Pants,124,5,2023-08-23 00:00:00,1098,Florida,Cash
629,194,Groceries,Pants,99.84,9,2023-01-16 00:00:00,1068,Texas,Debit Card
630,151,Toys,Non-fiction,459.53,16,2022-11-25 00:00:00,1097,Texas,Debit Card
631,182,Electronics,Non-fiction,55.39,2,2023-04-24 00:00:00,1097,California,Credit Card
632,115,Toys,Laptop,255.45,1,2022-01-15 00:00:00,1076,New York,Debit Card
633,168,Clothing,Laptop,114.32,8,2023-05-31 00:00:00,1057,Illinois,PayPal
634,198,Books,Shirt,24.27,19,2022-07-10 00:00:00,1077,Illinois,Cash
635,111,Groceries,Shirt,22.83,11,2022-06-17 00:00:00,1074,New York,Cash
636,124,Books,Mobile,91.73,12,2023-06-05 00:00:00,1041,California,Cash
637,151,Toys,Shirt,434.05,12,2023-09-13 00:00:00,1037,Illinois,Credit Card
638,184,Groceries,Vegetable,144.83,7,2022-05-17 00:00:00,1067,Texas,Debit Card
639,199,Toys,Non-fiction,475.48,13,2022-06-03 00:00:00,1052,New York,PayPal
640,152,Clothing,Board Game,292.9,8,2023-01-23 00:00:00,1032,Florida,Credit Card
641,122,Electronics,Vegetable,221.12,9,2022-07-28 00:00:00,1070,California,Cash
642,115,Groceries,Fruit,292.14,7,2022-09-29 00:00:00,1055,New York,PayPal
643,156,Clothing,Pants,260.77,15,2022-05-23 00:00:00,1071,Illinois,Cash
644,138,Clothing,Shirt,380.59,2,2023-09-03 00:00:00,1050,California,Cash
645,152,Groceries,Pants,144.84,12,2022-03-10 00:00:00,1073,Texas,Credit Card
646,141,Toys,Fiction,179.76,1,2022-09-04 00:00:00,1042,California,Cash
647,157,Clothing,Mobile,447.58,8,2022-09-18 00:00:00,1014,California,PayPal
648,138,Books,Fiction,473.5,5,2022-03-20 00:00:00,1037,Texas,Cash
649,113,Clothing,Mobile,446.82,15,2023-10-20 00:00:00,1014,Texas,Debit Card
650,194,Toys,Laptop,212.63,1,2023-09-15 00:00:00,1004,California,Cash
651,104,Toys,Pants,391.28,1,2023-08-28 00:00:00,1092,Texas,Credit Card
652,134,Books,Mobile,240.79,10,2023-06-09 00:00:00,1082,New York,PayPal
653,186,Clothing,Action Figure,251.28,10,2023-09-13 00:00:00,1053,Texas,Credit Card
654,192,Toys,Vegetable,106.32,15,2022-11-26 00:00:00,1050,Texas,Debit Card
655,174,Groceries,Mobile,297.61,17,2022-07-08 00:00:00,1009,California,Cash
656,117,Electronics,Mobile,97.14,6,2022-04-05 00:00:00,1011,New York,Credit Card
657,175,Electronics,Vegetable,169.12,3,2023-09-09 00:00:00,1003,Florida,Credit Card
658,108,Electronics,Pants,428.24,13,2022-01-08 00:00:00,1094,Florida,Credit Card
659,173,Clothing,Pants,107.5,16,2022-03-08 00:00:00,1017,Illinois,Credit Card
660,157,Books,Vegetable,40.22,8,2023-05-11 00:00:00,1079,Texas,Debit Card
661,116,Toys,Fiction,39.16,15,2022-07-10 00:00:00,1035,Texas,Debit Card
662,106,Groceries,Action Figure,470.69,17,2023-01-01 00:00:00,1024,New York,Cash
663,145,Groceries,Board Game,255.93,17,2023-06-05 00:00:00,1086,Florida,Cash
664,112,Clothing,Fruit,207.66,13,2022-04-27 00:00:00,1075,Illinois,PayPal
665,139,Electronics,Action Figure,406.38,17,2022-09-24 00:00:00,1097,New York,Debit Card
666,141,Clothing,Pants,418.73,6,2023-09-03 00:00:00,1035,Texas,Credit Card
667,108,Books,Board Game,169.43,17,2023-04-30 00:00:00,1066,Florida,Credit Card
668,149,Books,Laptop,348.34,16,2023-05-24 00:00:00,1008,Illinois,PayPal
669,126,Toys,Shirt,386.71,14,2022-10-25 00:00:00,1060,California,Credit Card
670,165,Toys,Mobile,329.05,13,2022-06-13 00:00:00,1052,Florida,PayPal
671,104,Books,Vegetable,80.04,6,2023-01-11 00:00:00,1017,Illinois,Cash
672,128,Books,Vegetable,438.56,3,2023-10-15 00:00:00,1042,New York,Debit Card
673,136,Books,Mobile,271.85,14,2022-09-25 00:00:00,1034,California,PayPal
674,137,Clothing,Shirt,144.82,14,2023-07-03 00:00:00,1062,Illinois,Credit Card
675,182,Books,Fruit,215.49,15,2022-03-15 00:00:00,1097,Illinois,PayPal
676,107,Groceries,Shirt,23.6,8,2023-05-23 00:00:00,1077,Texas,Cash
677,164,Electronics,Board Game,68.29,15,2022-03-14 00:00:00,1003,Florida,Credit Card
678,185,Books,Shirt,383.95,13,2022-11-04 00:00:00,1092,Texas,Cash
679,116,Electronics,Board Game,5.01,17,2022-07-18 00:00:00,1040,California,Cash
680,170,Clothing,Shirt,211.2,3,2022-05-10 00:00:00,1044,Illinois,PayPal
681,188,Electronics,Fruit,263.64,6,2023-07-26 00:00:00,1049,Texas,Cash
682,144,Clothing,Fruit,32.04,5,2023-09-07 00:00:00,1078,Florida,Credit Card
683,103,Groceries,Pants,486.67,17,2023-05-02 00:00:00,1027,California,Cash
684,135,Clothing,Mobile,116.93,2,2022-05-31 00:00:00,1041,New York,Cash
685,169,Clothing,Fruit,155.58,15,2023-10-31 00:00:00,1079,Texas,PayPal
686,130,Toys,Board Game,155.45,5,2022-07-25 00:00:00,1075,California,Cash
687,118,Books,Fruit,119.06,6,2022-06-28 00:00:00,1068,New York,Debit Card
688,160,Books,Pants,5.73,6,2022-07-16 00:00:00,1097,Texas,PayPal
689,153,Groceries,Vegetable,366.03,18,2022-03-30 00:00:00,1000,California,PayPal
690,138,Groceries,Board Game,483.59,18,2023-03-10 00:00:00,1038,California,Credit Card
691,190,Books,Pants,116.03,4,2022-07-02 00:00:00,1095,Texas,Credit Card
692,173,Toys,Fiction,333.21,17,2022-07-28 00:00:00,1089,California,Credit Card
693,189,Books,Fiction,372.24,14,2023-05-08 00:00:00,1016,Illinois,Credit Card
694,118,Toys,Laptop,424.97,14,2022-05-10 00:00:00,1090,Texas,Debit Card
695,138,Groceries,Shirt,214.2,13,2023-10-27 00:00:00,1087,California,PayPal
696,166,Electronics,Mobile,154.95,7,2022-01-13 00:00:00,1034,New York,Cash
697,144,Groceries,Non-fiction,166.02,12,2023-09-26 00:00:00,1045,New York,Credit Card
698,112,Groceries,Action Figure,357.75,15,2022-04-16 00:00:00,1041,Illinois,Credit Card
699,191,Clothing,Pants,409.31,19,2023-01-10 00:00:00,1038,Texas,Credit Card
700,157,Clothing,Vegetable,94.9,11,2023-08-05 00:00:00,1089,California,Cash
701,119,Clothing,Action Figure,188.62,15,2023-12-08 00:00:00,1048,California,Credit Card
702,191,Clothing,Vegetable,451.46,12,2023-11-29 00:00:00,1061,New York,Cash
703,171,Toys,Action Figure,404.31,3,2022-04-09 00:00:00,1037,Illinois,PayPal
704,160,Books,Pants,492.5,17,2023-08-17 00:00:00,1022,New York,PayPal
705,138,Electronics,Non-fiction,378.35,3,2023-08-10 00:00:00,1021,New York,PayPal
706,100,Groceries,Action Figure,199.63,19,2022-07-11 00:00:00,1003,Illinois,Debit Card
707,102,Toys,Pants,297.37,4,2022-11-21 00:00:00,1048,Texas,Cash
708,176,Electronics,Fruit,332.2,3,2023-12-27 00:00:00,1058,California,Credit Card
709,191,Toys,Non-fiction,43.84,16,2023-04-12 00:00:00,1072,Texas,Credit Card
710,161,Toys,Board Game,274.53,12,2023-01-02 00:00:00,1067,Florida,Credit Card
711,162,Groceries,Vegetable,356.11,8,2022-11-14 00:00:00,1070,Florida,Credit Card
712,124,Books,Fiction,87.82,17,2022-05-24 00:00:00,1086,Florida,Debit Card
713,155,Clothing,Shirt,391.41,7,2023-01-19 00:00:00,1001,Illinois,Credit Card
714,132,Books,Fiction,293.97,11,2022-08-04 00:00:00,1048,New York,Debit Card
715,137,Groceries,Non-fiction,476.35,18,2022-12-27 00:00:00,1087,Texas,Cash
716,105,Groceries,Board Game,26,1,2022-11-20 00:00:00,1094,California,PayPal
717,157,Groceries,Vegetable,136.34,3,2022-01-15 00:00:00,1030,Florida,Credit Card
718,143,Electronics,Board Game,302.77,4,2022-08-05 00:00:00,1039,Texas,PayPal
719,144,Books,Action Figure,151.8,13,2023-05-07 00:00:00,1047,Florida,Cash
720,131,Books,Vegetable,358.64,6,2023-07-01 00:00:00,1050,Florida,Cash
721,144,Toys,Action Figure,380.71,14,2022-07-02 00:00:00,1042,California,Credit Card
722,160,Toys,Pants,55.75,5,2022-09-27 00:00:00,1097,Illinois,Cash
723,146,Toys,Non-fiction,259.36,16,2023-04-12 00:00:00,1054,New York,PayPal
724,120,Groceries,Pants,256.9,15,2023-09-04 00:00:00,1087,Illinois,Credit Card
725,179,Books,Laptop,187.79,15,2023-06-03 00:00:00,1048,Texas,Debit Card
726,184,Groceries,Board Game,466.8,4,2023-06-26 00:00:00,1089,Illinois,Credit Card
727,174,Electronics,Action Figure,414.62,8,2023-04-12 00:00:00,1079,Texas,PayPal
728,135,Toys,Fruit,350.12,16,2022-11-01 00:00:00,1056,Texas,Credit Card
729,198,Groceries,Pants,358.59,16,2022-05-24 00:00:00,1076,New York,Credit Card
730,118,Groceries,Laptop,233.55,4,2022-04-21 00:00:00,1014,California,PayPal
731,119,Electronics,Mobile,460.89,13,2022-08-20 00:00:00,1026,New York,Credit Card
732,156,Clothing,Fiction,348.82,13,2023-11-22 00:00:00,1067,Illinois,Credit Card
733,117,Books,Vegetable,365.85,2,2023-08-07 00:00:00,1079,Texas,PayPal
734,146,Clothing,Laptop,431.54,3,2023-12-23 00:00:00,1063,Florida,Cash
735,148,Toys,Non-fiction,140.67,8,2023-08-15 00:00:00,1093,Florida,PayPal
736,113,Groceries,Pants,404.5,15,2023-05-15 00:00:00,1029,Texas,Credit Card
737,114,Electronics,Non-fiction,101.64,11,2023-08-18 00:00:00,1035,New York,Debit Card
738,130,Electronics,Fiction,175.94,9,2023-07-08 00:00:00,1066,California,Debit Card
739,100,Books,Fruit,171.13,7,2022-09-30 00:00:00,1085,New York,PayPal
740,153,Clothing,Board Game,489.37,13,2023-12-04 00:00:00,1085,Texas,Debit Card
741,102,Books,Board Game,428.99,2,2022-06-22 00:00:00,1048,Texas,Credit Card
742,115,Groceries,Non-fiction,352.08,8,2022-01-07 00:00:00,1075,California,Credit Card
743,186,Books,Action Figure,364.89,7,2022-06-04 00:00:00,1054,Illinois,PayPal
744,156,Electronics,Fruit,283.23,12,2023-06-06 00:00:00,1084,Illinois,Credit Card
745,174,Electronics,Board Game,473.81,19,2023-06-30 00:00:00,1055,California,Cash
746,111,Toys,Fruit,250.65,7,2023-07-02 00:00:00,1067,Illinois,Credit Card
747,173,Toys,Laptop,193.36,10,2023-06-02 00:00:00,1094,Florida,PayPal
748,195,Groceries,Fruit,85.7,16,2022-08-03 00:00:00,1043,Illinois,Cash
749,115,Clothing,Shirt,394.17,3,2022-05-14 00:00:00,1030,Illinois,Cash
750,171,Books,Fiction,368.55,10,2022-10-12 00:00:00,1057,Illinois,Debit Card
751,175,Groceries,Board Game,195.26,6,2022-05-06 00:00:00,1086,Florida,Credit Card
752,123,Toys,Fruit,17.47,18,2023-03-15 00:00:00,1052,Illinois,PayPal
753,127,Books,Non-fiction,420.3,18,2023-11-17 00:00:00,1083,Florida,Debit Card
754,107,Toys,Mobile,10.65,5,2022-06-01 00:00:00,1078,California,Debit Card
755,191,Books,Shirt,353.33,7,2022-11-27 00:00:00,1022,New York,Credit Card
756,135,Clothing,Shirt,485.28,2,2023-06-22 00:00:00,1027,California,Credit Card
757,189,Groceries,Action Figure,221.64,11,2023-01-18 00:00:00,1015,New York,PayPal
758,107,Books,Fruit,121.31,13,2022-04-25 00:00:00,1036,California,Debit Card
759,157,Electronics,Action Figure,353.91,5,2023-04-27 00:00:00,1020,New York,PayPal
760,159,Electronics,Action Figure,409.48,6,2022-10-11 00:00:00,1078,New York,Debit Card
761,149,Books,Mobile,275.48,14,2022-03-16 00:00:00,1016,Texas,Debit Card
762,127,Books,Laptop,483.68,12,2022-06-15 00:00:00,1036,New York,Debit Card
763,191,Books,Fruit,30.58,4,2022-07-08 00:00:00,1076,New York,Credit Card
764,140,Electronics,Pants,254.87,6,2022-03-19 00:00:00,1018,Texas,Debit Card
765,199,Electronics,Board Game,360.63,10,2023-08-25 00:00:00,1029,Illinois,Debit Card
766,163,Books,Action Figure,432.01,18,2023-11-19 00:00:00,1044,Illinois,Debit Card
767,126,Toys,Fiction,93.73,15,2022-01-21 00:00:00,1017,Texas,Cash
768,162,Toys,Vegetable,401,8,2023-07-20 00:00:00,1077,Florida,Credit Card
769,116,Clothing,Fiction,278.59,9,2022-07-03 00:00:00,1061,New York,Cash
770,172,Groceries,Mobile,201.29,5,2022-08-10 00:00:00,1035,New York,Credit Card
771,132,Toys,Mobile,70.2,10,2022-11-24 00:00:00,1099,Texas,PayPal
772,183,Electronics,Non-fiction,433.32,6,2022-06-28 00:00:00,1083,Texas,Cash
773,176,Toys,Laptop,82.85,16,2022-04-22 00:00:00,1051,Florida,PayPal
774,191,Clothing,Board Game,158.34,3,2023-12-27 00:00:00,1018,Illinois,Debit Card
775,128,Clothing,Action Figure,148.57,10,2022-02-28 00:00:00,1043,California,PayPal
776,112,Groceries,Fiction,436.35,11,2022-11-23 00:00:00,1006,Illinois,PayPal
777,145,Toys,Vegetable,337.99,11,2023-09-13 00:00:00,1043,New York,PayPal
778,134,Electronics,Mobile,399.36,17,2023-10-31 00:00:00,1067,Texas,PayPal
779,105,Electronics,Mobile,128.98,4,2022-07-10 00:00:00,1033,Florida,Credit Card
780,181,Books,Laptop,314.31,4,2022-07-19 00:00:00,1065,Illinois,Cash
781,168,Electronics,Vegetable,288.01,17,2022-11-08 00:00:00,1068,Florida,Credit Card
782,146,Groceries,Vegetable,417.25,9,2023-12-09 00:00:00,1054,Illinois,Credit Card
783,124,Groceries,Laptop,453.51,19,2022-02-04 00:00:00,1009,New York,Credit Card
784,165,Electronics,Mobile,11.02,5,2023-01-14 00:00:00,1095,California,PayPal
785,109,Electronics,Board Game,338.64,6,2023-01-22 00:00:00,1041,Florida,Credit Card
786,155,Books,Fruit,30.66,3,2022-08-25 00:00:00,1040,Florida,Cash
787,129,Electronics,Fruit,276.69,1,2023-09-08 00:00:00,1076,California,Credit Card
788,104,Books,Laptop,147.38,16,2023-06-03 00:00:00,1068,Florida,Debit Card
789,132,Books,Vegetable,156.85,11,2022-10-10 00:00:00,1009,Florida,PayPal
790,164,Electronics,Action Figure,179.71,13,2022-01-01 00:00:00,1009,Illinois,Debit Card
791,117,Clothing,Laptop,312.54,10,2023-04-09 00:00:00,1090,Illinois,Cash
792,195,Clothing,Board Game,170.35,3,2022-08-18 00:00:00,1059,California,Cash
793,148,Books,Laptop,367.69,9,2022-06-21 00:00:00,1050,New York,Cash
794,110,Electronics,Shirt,205.24,12,2022-03-28 00:00:00,1020,Florida,Cash
795,184,Clothing,Fiction,38.83,14,2023-07-07 00:00:00,1007,New York,Credit Card
796,125,Electronics,Vegetable,392.96,1,2022-05-03 00:00:00,1064,California,PayPal
797,162,Electronics,Non-fiction,146.45,18,2022-10-25 00:00:00,1091,California,Cash
798,188,Electronics,Non-fiction,219.22,17,2023-11-21 00:00:00,1077,Illinois,Debit Card
799,185,Toys,Vegetable,344.29,9,2023-07-29 00:00:00,1084,Florida,Cash
800,158,Electronics,Board Game,169.57,9,2023-04-29 00:00:00,1029,Texas,PayPal
801,126,Toys,Shirt,33.01,10,2022-06-14 00:00:00,1084,California,Debit Card
802,148,Books,Shirt,190.09,19,2023-11-30 00:00:00,1048,Florida,Debit Card
803,176,Clothing,Mobile,472.5,15,2023-01-18 00:00:00,1008,New York,Debit Card
804,132,Clothing,Fiction,322.66,5,2022-07-28 00:00:00,1016,Illinois,Credit Card
805,197,Clothing,Fruit,337.38,15,2023-03-08 00:00:00,1068,New York,Cash
806,198,Clothing,Pants,317.98,2,2023-01-24 00:00:00,1057,California,Credit Card
807,100,Clothing,Board Game,103.5,13,2023-07-14 00:00:00,1056,California,Debit Card
808,120,Clothing,Pants,212.08,16,2022-08-12 00:00:00,1061,New York,Credit Card
809,154,Clothing,Pants,376.72,15,2022-01-03 00:00:00,1094,California,Credit Card
810,105,Books,Vegetable,55.18,10,2023-01-07 00:00:00,1051,Florida,Credit Card
811,191,Electronics,Non-fiction,142.54,14,2023-11-18 00:00:00,1060,California,Cash
812,180,Groceries,Non-fiction,141.78,10,2023-03-22 00:00:00,1039,Illinois,Debit Card
813,168,Toys,Fruit,218.85,14,2023-09-03 00:00:00,1037,Florida,Debit Card
814,194,Groceries,Vegetable,490.28,9,2022-04-26 00:00:00,1042,Texas,Cash
815,104,Groceries,Pants,38.41,14,2022-09-27 00:00:00,1062,California,Credit Card
816,102,Electronics,Action Figure,261.76,3,2023-03-23 00:00:00,1018,California,Credit Card
817,152,Electronics,Non-fiction,93.79,16,2023-01-03 00:00:00,1099,Illinois,PayPal
818,122,Electronics,Board Game,485.48,2,2022-09-10 00:00:00,1049,Illinois,PayPal
819,152,Clothing,Board Game,61.09,10,2022-11-13 00:00:00,1032,New York,PayPal
820,136,Books,Mobile,204.78,3,2023-02-19 00:00:00,1012,New York,Cash
821,173,Clothing,Laptop,370.25,11,2022-04-05 00:00:00,1077,New York,Debit Card
822,173,Books,Action Figure,353.75,11,2022-01-24 00:00:00,1096,Illinois,PayPal
823,182,Books,Non-fiction,214.25,13,2023-09-20 00:00:00,1061,New York,Debit Card
824,116,Groceries,Shirt,176.53,7,2023-10-25 00:00:00,1092,New York,Debit Card
825,184,Groceries,Non-fiction,201.82,17,2022-02-19 00:00:00,1042,Texas,Debit Card
826,177,Books,Mobile,135.82,2,2023-05-17 00:00:00,1048,New York,Cash
827,172,Books,Board Game,106.64,12,2023-12-19 00:00:00,1035,California,Cash
828,100,Clothing,Pants,244.1,10,2023-05-13 00:00:00,1009,Illinois,Cash
829,150,Clothing,Shirt,137.92,18,2022-12-01 00:00:00,1094,Florida,Cash
830,144,Groceries,Vegetable,147.29,11,2022-03-20 00:00:00,1005,Texas,PayPal
831,176,Electronics,Fiction,330.09,16,2023-08-05 00:00:00,1056,Illinois,Credit Card
832,103,Books,Pants,484.43,17,2022-01-27 00:00:00,1000,Illinois,Credit Card
833,161,Clothing,Fiction,303.8,19,2022-09-28 00:00:00,1070,California,Credit Card
834,164,Groceries,Action Figure,43.1,18,2023-07-16 00:00:00,1057,New York,PayPal
835,131,Clothing,Laptop,42.41,3,2022-09-04 00:00:00,1090,California,Credit Card
836,133,Books,Shirt,475.95,16,2023-08-14 00:00:00,1020,New York,PayPal
837,191,Books,Fruit,152.16,6,2023-01-22 00:00:00,1091,New York,PayPal
838,194,Toys,Shirt,50.57,12,2023-12-03 00:00:00,1079,Illinois,PayPal
839,171,Electronics,Non-fiction,301.53,11,2023-07-13 00:00:00,1055,New York,Credit Card
840,138,Toys,Board Game,313.71,15,2022-12-27 00:00:00,1086,Texas,Debit Card
841,125,Groceries,Non-fiction,326.01,15,2023-05-03 00:00:00,1019,Texas,Credit Card
842,133,Clothing,Non-fiction,137.36,16,2022-12-18 00:00:00,1053,Texas,Credit Card
843,153,Groceries,Action Figure,12.48,10,2023-12-02 00:00:00,1024,Illinois,Cash
844,102,Books,Pants,482.68,12,2022-09-13 00:00:00,1027,California,PayPal
845,149,Toys,Fruit,129.19,13,2022-08-10 00:00:00,1004,Florida,Debit Card
846,111,Toys,Fruit,339.63,4,2022-01-01 00:00:00,1020,New York,Cash
847,164,Toys,Non-fiction,354.78,7,2023-06-30 00:00:00,1017,Florida,Debit Card
848,153,Groceries,Fiction,306.95,2,2023-03-22 00:00:00,1046,California,Debit Card
849,104,Books,Action Figure,159.89,15,2022-03-20 00:00:00,1069,California,PayPal
850,193,Clothing,Non-fiction,139.19,8,2022-08-24 00:00:00,1056,Illinois,Credit Card
851,193,Clothing,Laptop,300.85,7,2022-11-30 00:00:00,1092,Texas,PayPal
852,156,Groceries,Board Game,433.72,15,2022-12-15 00:00:00,1018,Texas,PayPal
853,116,Toys,Pants,473.63,14,2022-04-08 00:00:00,1096,California,Cash
854,146,Electronics,Vegetable,57.42,8,2022-03-23 00:00:00,1064,Illinois,PayPal
855,122,Groceries,Laptop,81.64,12,2023-05-17 00:00:00,1002,Illinois,Credit Card
856,178,Groceries,Fiction,472.64,13,2023-04-22 00:00:00,1041,New York,Debit Card
857,184,Books,Shirt,369.58,11,2023-12-05 00:00:00,1020,Texas,PayPal
858,113,Clothing,Shirt,442.08,17,2023-07-04 00:00:00,1098,California,Debit Card
859,165,Groceries,Laptop,105.3,17,2022-01-14 00:00:00,1039,Florida,PayPal
860,174,Groceries,Non-fiction,295.86,4,2023-01-27 00:00:00,1066,Texas,Debit Card
861,150,Toys,Vegetable,352.06,8,2022-12-13 00:00:00,1024,New York,PayPal
862,137,Toys,Mobile,341.66,5,2022-11-06 00:00:00,1054,Illinois,Cash
863,163,Electronics,Mobile,207.04,16,2023-01-21 00:00:00,1083,California,Debit Card
864,197,Books,Fiction,12.62,4,2022-07-28 00:00:00,1051,Texas,PayPal
865,137,Electronics,Non-fiction,293.55,15,2022-12-23 00:00:00,1043,Florida,PayPal
866,149,Toys,Fruit,130.29,12,2023-08-24 00:00:00,1097,New York,Cash
867,197,Clothing,Fruit,227.88,5,2023-07-22 00:00:00,1084,New York,Cash
868,181,Toys,Pants,479,16,2022-04-04 00:00:00,1055,Texas,Cash
869,129,Books,Vegetable,202.52,14,2022-04-03 00:00:00,1054,Florida,Debit Card
870,178,Toys,Vegetable,420.7,10,2022-12-06 00:00:00,1086,New York,Debit Card
871,190,Books,Shirt,98.33,7,2023-08-20 00:00:00,1069,California,Cash
872,150,Books,Action Figure,337.87,13,2023-03-21 00:00:00,1076,New York,Credit Card
873,162,Books,Fiction,488.62,5,2022-01-22 00:00:00,1086,Florida,Credit Card
874,197,Books,Mobile,55.44,3,2022-10-18 00:00:00,1072,Illinois,PayPal
875,151,Books,Fiction,9.12,15,2023-04-30 00:00:00,1080,Illinois,Credit Card
876,137,Clothing,Fruit,219.62,4,2022-11-02 00:00:00,1065,Texas,PayPal
877,196,Electronics,Fruit,50.85,15,2023-09-26 00:00:00,1018,Florida,Debit Card
878,187,Groceries,Laptop,375.45,14,2022-05-08 00:00:00,1082,New York,Debit Card
879,178,Electronics,Pants,457.7,19,2023-09-17 00:00:00,1006,New York,Credit Card
880,129,Books,Vegetable,219.84,13,2022-09-30 00:00:00,1062,Illinois,Debit Card
881,150,Clothing,Board Game,133.06,10,2023-03-18 00:00:00,1041,Illinois,Cash
882,180,Toys,Fiction,220.03,5,2023-05-18 00:00:00,1041,California,Cash
883,104,Clothing,Fruit,363.11,6,2022-05-10 00:00:00,1058,Illinois,Credit Card
884,128,Books,Action Figure,9.48,4,2022-05-12 00:00:00,1019,California,Credit Card
885,103,Clothing,Shirt,296.78,2,2023-08-20 00:00:00,1072,New York,PayPal
886,109,Clothing,Mobile,308.58,16,2023-04-27 00:00:00,1016,California,Debit Card
887,155,Books,Pants,320.66,18,2023-01-25 00:00:00,1026,California,PayPal
888,116,Clothing,Action Figure,124.8,5,2023-08-16 00:00:00,1046,Texas,PayPal
889,173,Groceries,Pants,358.46,4,2022-11-21 00:00:00,1001,Illinois,Cash
890,116,Groceries,Laptop,50.24,13,2022-03-10 00:00:00,1062,California,Cash
891,183,Clothing,Board Game,103.64,19,2023-10-22 00:00:00,1061,New York,Cash
892,187,Toys,Fruit,439.35,2,2023-03-24 00:00:00,1099,Florida,Cash
893,168,Books,Shirt,370.67,13,2023-06-12 00:00:00,1018,California,PayPal
894,133,Groceries,Action Figure,11.8,11,2023-09-09 00:00:00,1016,Illinois,Cash
895,105,Toys,Pants,127.95,4,2022-06-14 00:00:00,1068,Texas,Debit Card
896,152,Clothing,Vegetable,111.13,15,2023-05-03 00:00:00,1038,New York,Cash
897,165,Toys,Laptop,139.05,4,2023-12-14 00:00:00,1081,Texas,Cash
898,176,Electronics,Vegetable,127.54,9,2023-12-10 00:00:00,1070,Florida,Cash
899,142,Groceries,Shirt,35.95,7,2023-03-02 00:00:00,1080,California,Credit Card
900,174,Clothing,Action Figure,232.18,19,2023-11-28 00:00:00,1038,California,Debit Card
901,122,Books,Laptop,367.7,19,2022-09-22 00:00:00,1035,Illinois,Debit Card
902,154,Clothing,Action Figure,305.33,6,2023-09-04 00:00:00,1039,California,PayPal
903,179,Books,Fruit,338.07,6,2022-12-08 00:00:00,1044,New York,PayPal
904,194,Clothing,Non-fiction,45.17,15,2023-12-27 00:00:00,1003,Florida,Cash
905,174,Toys,Laptop,475.99,15,2022-10-05 00:00:00,1024,Texas,Credit Card
906,115,Toys,Vegetable,420.05,9,2023-11-05 00:00:00,1068,Florida,PayPal
907,107,Toys,Shirt,403.52,4,2023-03-15 00:00:00,1029,California,PayPal
908,103,Electronics,Board Game,412.38,18,2022-06-06 00:00:00,1075,Texas,Cash
909,103,Books,Fruit,466.69,18,2023-02-26 00:00:00,1067,Illinois,Cash
910,155,Toys,Non-fiction,274.41,5,2022-09-08 00:00:00,1087,Florida,PayPal
911,124,Electronics,Board Game,104.14,11,2023-09-01 00:00:00,1028,Texas,PayPal
912,166,Books,Mobile,310.31,5,2023-06-14 00:00:00,1072,Texas,Debit Card
913,195,Clothing,Fruit,372.73,4,2022-11-23 00:00:00,1067,Texas,Credit Card
914,166,Electronics,Shirt,370.27,12,2022-04-07 00:00:00,1050,New York,Debit Card
915,126,Groceries,Pants,263.12,2,2023-05-28 00:00:00,1023,Florida,PayPal
916,192,Electronics,Laptop,38.89,13,2022-08-04 00:00:00,1013,Texas,Debit Card
917,131,Electronics,Action Figure,188.7,10,2022-05-12 00:00:00,1068,Florida,Debit Card
918,149,Books,Shirt,460.78,9,2022-09-17 00:00:00,1017,Texas,PayPal
919,160,Clothing,Laptop,294.3,10,2022-05-05 00:00:00,1041,Illinois,Cash
920,150,Groceries,Board Game,271.47,7,2022-03-23 00:00:00,1056,Illinois,PayPal
921,118,Toys,Action Figure,138.08,4,2022-10-10 00:00:00,1082,Illinois,Cash
922,120,Toys,Fiction,187.38,19,2023-11-14 00:00:00,1011,California,PayPal
923,104,Electronics,Vegetable,448.2,10,2022-02-28 00:00:00,1081,Texas,PayPal
924,181,Books,Mobile,334.9,3,2023-06-28 00:00:00,1016,California,PayPal
925,191,Books,Fruit,394.76,19,2022-06-10 00:00:00,1029,Florida,Credit Card
926,141,Toys,Shirt,229.9,2,2022-10-11 00:00:00,1087,California,Cash
927,160,Groceries,Mobile,316.97,10,2022-04-16 00:00:00,1074,Florida,Credit Card
928,121,Clothing,Pants,127.95,2,2022-04-15 00:00:00,1098,Florida,PayPal
929,120,Groceries,Laptop,354.2,2,2023-03-15 00:00:00,1022,Florida,Debit Card
930,169,Clothing,Laptop,216.66,17,2022-08-16 00:00:00,1080,California,Credit Card
931,100,Toys,Shirt,224.06,16,2023-12-01 00:00:00,1000,Texas,Cash
932,104,Clothing,Non-fiction,326.41,16,2023-08-05 00:00:00,1078,California,PayPal
933,111,Books,Non-fiction,468.46,14,2022-11-14 00:00:00,1031,Texas,Credit Card
934,189,Electronics,Fiction,36.68,7,2023-04-09 00:00:00,1008,Texas,Debit Card
935,145,Electronics,Vegetable,413.25,11,2023-08-22 00:00:00,1014,Florida,Credit Card
936,133,Toys,Action Figure,149.73,1,2023-04-17 00:00:00,1027,California,Cash
937,148,Books,Pants,224.74,11,2022-02-25 00:00:00,1023,Texas,Credit Card
938,177,Groceries,Mobile,15.85,4,2023-09-17 00:00:00,1059,Illinois,Debit Card
939,189,Books,Non-fiction,154.02,7,2022-01-13 00:00:00,1034,Texas,Debit Card
940,144,Electronics,Fiction,253.8,15,2023-03-16 00:00:00,1085,Illinois,Cash
941,126,Electronics,Fiction,32.81,18,2022-01-18 00:00:00,1026,California,Debit Card
942,172,Books,Shirt,248.09,12,2023-11-25 00:00:00,1082,California,PayPal
943,125,Books,Pants,463.92,17,2022-04-23 00:00:00,1075,California,Debit Card
944,146,Electronics,Board Game,57.17,1,2022-08-17 00:00:00,1019,Texas,PayPal
945,185,Groceries,Action Figure,383.4,11,2022-06-20 00:00:00,1064,New York,Credit Card
946,155,Toys,Vegetable,207.79,1,2022-10-22 00:00:00,1084,Texas,PayPal
947,193,Toys,Fruit,329.31,15,2022-07-08 00:00:00,1048,Texas,PayPal
948,162,Books,Shirt,133.82,10,2023-03-02 00:00:00,1000,Florida,Credit Card
949,147,Toys,Action Figure,83.95,7,2022-03-20 00:00:00,1009,Florida,Debit Card
950,160,Electronics,Fruit,84.43,2,2023-10-20 00:00:00,1046,Texas,PayPal
951,180,Electronics,Fruit,39.89,10,2022-07-01 00:00:00,1058,Illinois,Debit Card
952,125,Books,Pants,96.9,4,2023-05-14 00:00:00,1095,Florida,Credit Card
953,135,Books,Pants,333.79,12,2023-12-09 00:00:00,1061,Texas,Cash
954,100,Books,Mobile,441.44,19,2022-03-12 00:00:00,1085,New York,Debit Card
955,107,Groceries,Fiction,407.99,11,2022-09-05 00:00:00,1017,Illinois,Debit Card
956,198,Toys,Action Figure,344.14,8,2022-05-26 00:00:00,1045,California,Cash
957,151,Books,Shirt,59.66,18,2023-09-10 00:00:00,1031,Texas,Cash
958,178,Clothing,Laptop,148.15,11,2022-10-23 00:00:00,1026,Texas,Credit Card
959,146,Clothing,Shirt,158.35,11,2023-08-05 00:00:00,1091,Illinois,Debit Card
960,155,Electronics,Mobile,128.73,13,2023-04-15 00:00:00,1017,Florida,Debit Card
961,185,Toys,Vegetable,259.93,3,2023-05-21 00:00:00,1038,Florida,Credit Card
962,113,Books,Fiction,270.1,12,2022-07-12 00:00:00,1048,Florida,Debit Card
963,189,Clothing,Laptop,181.66,3,2022-03-09 00:00:00,1092,California,PayPal
964,127,Toys,Non-fiction,180.13,10,2023-05-09 00:00:00,1081,Illinois,PayPal
965,186,Electronics,Vegetable,415.14,17,2022-02-21 00:00:00,1043,Illinois,PayPal
966,177,Groceries,Pants,395.7,2,2022-12-29 00:00:00,1071,Florida,Debit Card
967,187,Toys,Fruit,157.36,17,2023-04-19 00:00:00,1053,Florida,PayPal
968,101,Toys,Non-fiction,457.33,16,2023-06-05 00:00:00,1094,New York,PayPal
969,125,Groceries,Shirt,476.64,2,2023-03-07 00:00:00,1033,New York,Credit Card
970,113,Toys,Shirt,166.74,6,2022-10-25 00:00:00,1070,Texas,Credit Card
971,158,Electronics,Pants,180.44,10,2023-03-11 00:00:00,1035,Texas,Cash
972,155,Electronics,Mobile,255.29,10,2023-11-27 00:00:00,1017,Illinois,Cash
973,106,Groceries,Action Figure,470.85,8,2023-11-22 00:00:00,1037,Illinois,Cash
974,102,Books,Non-fiction,438.78,1,2022-07-17 00:00:00,1058,California,Cash
975,122,Clothing,Non-fiction,55.77,13,2022-05-08 00:00:00,1008,California,Credit Card
976,117,Books,Board Game,199.4,9,2023-06-16 00:00:00,1072,New York,Credit Card
977,137,Toys,Vegetable,278.92,10,2023-02-15 00:00:00,1071,Texas,Credit Card
978,198,Clothing,Fiction,254.05,15,2022-03-06 00:00:00,1050,New York,PayPal
979,114,Groceries,Vegetable,100.96,5,2023-11-25 00:00:00,1034,New York,PayPal
980,163,Groceries,Action Figure,430.11,16,2022-08-29 00:00:00,1081,Texas,Cash
981,188,Clothing,Shirt,340.09,13,2023-01-04 00:00:00,1004,California,PayPal
982,127,Electronics,Shirt,419.76,18,2023-06-20 00:00:00,1013,Texas,Debit Card
983,173,Clothing,Shirt,430.09,11,2023-01-19 00:00:00,1091,Florida,Credit Card
984,138,Toys,Board Game,375.44,9,2023-03-07 00:00:00,1029,Florida,Cash
985,156,Electronics,Shirt,222.41,16,2022-03-24 00:00:00,1003,Florida,Cash
986,116,Groceries,Action Figure,307.22,2,2023-11-28 00:00:00,1038,Illinois,Debit Card
987,185,Clothing,Pants,84.38,2,2023-09-03 00:00:00,1083,California,PayPal
988,189,Books,Fiction,338.45,12,2023-07-28 00:00:00,1063,California,Cash
989,143,Books,Action Figure,93.73,8,2022-10-13 00:00:00,1024,Illinois,PayPal
990,124,Toys,Fiction,348.51,9,2023-06-18 00:00:00,1027,New York,PayPal
991,116,Books,Action Figure,118.65,12,2023-04-04 00:00:00,1075,Florida,Debit Card
992,112,Clothing,Shirt,63.19,9,2022-07-31 00:00:00,1065,Florida,Cash
993,183,Clothing,Pants,86.82,10,2022-05-06 00:00:00,1077,New York,PayPal
994,124,Books,Non-fiction,5.99,2,2023-02-17 00:00:00,1021,Texas,PayPal
995,167,Clothing,Vegetable,360.78,16,2023-05-14 00:00:00,1030,Texas,Debit Card
996,109,Toys,Fruit,367.54,7,2023-03-01 00:00:00,1022,California,Debit Card
997,166,Electronics,Pants,259.89,2,2023-07-08 00:00:00,1047,Illinois,PayPal
998,117,Toys,Non-fiction,84.87,1,2023-09-02 00:00:00,1019,California,Debit Card
999,199,Toys,Mobile,46.36,19,2023-06-27 00:00:00,1037,Texas,PayPal
1000,185,Clothing,Action Figure,14.47,4,2022-06-07 00:00:00,1054,New York,Cash
